/*M!999999\- enable the sandbox mode */ 
-- MariaDB dump 10.19  Distrib 10.11.11-MariaDB, for debian-linux-gnu (aarch64)
--
-- Host: localhost    Database: classchat
-- ------------------------------------------------------
-- Server version	10.11.11-MariaDB-0+deb12u1

/*!40101 SET @OLD_CHARACTER_SET_CLIENT=@@CHARACTER_SET_CLIENT */;
/*!40101 SET @OLD_CHARACTER_SET_RESULTS=@@CHARACTER_SET_RESULTS */;
/*!40101 SET @OLD_COLLATION_CONNECTION=@@COLLATION_CONNECTION */;
/*!40101 SET NAMES utf8mb4 */;
/*!40103 SET @OLD_TIME_ZONE=@@TIME_ZONE */;
/*!40103 SET TIME_ZONE='+00:00' */;
/*!40014 SET @OLD_UNIQUE_CHECKS=@@UNIQUE_CHECKS, UNIQUE_CHECKS=0 */;
/*!40014 SET @OLD_FOREIGN_KEY_CHECKS=@@FOREIGN_KEY_CHECKS, FOREIGN_KEY_CHECKS=0 */;
/*!40101 SET @OLD_SQL_MODE=@@SQL_MODE, SQL_MODE='NO_AUTO_VALUE_ON_ZERO' */;
/*!40111 SET @OLD_SQL_NOTES=@@SQL_NOTES, SQL_NOTES=0 */;

--
-- Table structure for table `chats`
--

DROP TABLE IF EXISTS `chats`;
/*!40101 SET @saved_cs_client     = @@character_set_client */;
/*!40101 SET character_set_client = utf8mb4 */;
CREATE TABLE `chats` (
  `ChatID` int(11) NOT NULL AUTO_INCREMENT,
  `ChatName` varchar(255) DEFAULT NULL,
  `ChatIcon` varchar(255) DEFAULT NULL,
  `Settings` longtext CHARACTER SET utf8mb4 COLLATE utf8mb4_bin DEFAULT NULL CHECK (json_valid(`Settings`)),
  `DateCreated` timestamp NULL DEFAULT current_timestamp(),
  PRIMARY KEY (`ChatID`)
) ENGINE=InnoDB AUTO_INCREMENT=100112 DEFAULT CHARSET=utf8mb4 COLLATE=utf8mb4_general_ci;
/*!40101 SET character_set_client = @saved_cs_client */;

--
-- Dumping data for table `chats`
--

LOCK TABLES `chats` WRITE;
/*!40000 ALTER TABLE `chats` DISABLE KEYS */;
INSERT INTO `chats` VALUES
(100000,'APCSP','./Profile Icons/blueProfileIcon.png',NULL,'2023-11-21 02:38:36'),
(100001,'APCSP','./Profile Icons/blueProfileIcon.png',NULL,'2023-11-21 15:10:58'),
(100002,'a','./Profile Icons/blueProfileIcon.png',NULL,'2023-11-21 15:16:28'),
(100003,'b','./Profile Icons/blueProfileIcon.png',NULL,'2023-11-21 15:17:48'),
(100004,'b','./Profile Icons/blueProfileIcon.png',NULL,'2023-11-21 15:18:34'),
(100005,'yoo','./Profile Icons/blueProfileIcon.png',NULL,'2023-11-21 15:20:24'),
(100006,'b','./Profile Icons/blueProfileIcon.png',NULL,'2023-11-21 15:21:14'),
(100007,'a','./Profile Icons/blueProfileIcon.png',NULL,'2023-11-21 15:21:44'),
(100008,'a','./Profile Icons/blueProfileIcon.png',NULL,'2023-11-21 15:23:46'),
(100009,'c','./Profile Icons/blueProfileIcon.png',NULL,'2023-11-21 15:24:09'),
(100010,'c','./Profile Icons/blueProfileIcon.png',NULL,'2023-11-21 15:24:09'),
(100011,'a','./Profile Icons/blueProfileIcon.png',NULL,'2023-11-21 15:24:57'),
(100012,'a','./Profile Icons/blueProfileIcon.png',NULL,'2023-11-21 15:25:26'),
(100013,'a','./Profile Icons/blueProfileIcon.png',NULL,'2023-11-21 15:25:42'),
(100014,'c','./Profile Icons/blueProfileIcon.png',NULL,'2023-11-21 15:27:36'),
(100015,'a','./Profile Icons/blueProfileIcon.png',NULL,'2023-11-21 15:28:04'),
(100016,'ab','./Profile Icons/blueProfileIcon.png',NULL,'2023-11-21 15:29:17'),
(100017,'a','./Profile Icons/blueProfileIcon.png',NULL,'2023-11-21 15:34:21'),
(100018,'a','./Profile Icons/blueProfileIcon.png',NULL,'2023-11-21 16:30:57'),
(100019,'b','./Profile Icons/blueProfileIcon.png',NULL,'2023-11-21 16:38:56'),
(100020,'a','./Profile Icons/blueProfileIcon.png',NULL,'2023-11-21 22:08:02'),
(100021,'ab','./Profile Icons/blueProfileIcon.png',NULL,'2023-11-21 22:10:32'),
(100022,'ac','./Profile Icons/blueProfileIcon.png',NULL,'2023-11-21 22:12:00'),
(100023,'a','./Profile Icons/blueProfileIcon.png',NULL,'2023-11-21 22:12:27'),
(100024,'aaae','./Profile Icons/blueProfileIcon.png',NULL,'2023-11-21 22:12:36'),
(100025,'f','./Profile Icons/blueProfileIcon.png',NULL,'2023-11-21 22:36:36'),
(100026,'','./Profile Icons/blueProfileIcon.png',NULL,'2023-11-21 22:40:06'),
(100027,'','./Profile Icons/blueProfileIcon.png',NULL,'2023-11-21 22:40:08'),
(100028,'ok','./Profile Icons/blueProfileIcon.png',NULL,'2023-11-21 22:55:05'),
(100029,'Pritesh Patel Join','./Profile Icons/blueProfileIcon.png',NULL,'2023-11-30 22:19:57'),
(100030,'ok','./Profile Icons/blueProfileIcon.png',NULL,'2023-12-01 13:21:17'),
(100031,'Random','./Profile Icons/blueProfileIcon.png',NULL,'2023-12-01 21:47:45'),
(100032,'Random','./Profile Icons/blueProfileIcon.png',NULL,'2023-12-01 21:47:49'),
(100033,'Random','./Profile Icons/blueProfileIcon.png',NULL,'2023-12-01 21:47:50'),
(100034,'','./Profile Icons/blueProfileIcon.png',NULL,'2023-12-05 01:12:26'),
(100035,'','./Profile Icons/blueProfileIcon.png',NULL,'2023-12-05 16:08:30'),
(100036,'adfs','./Profile Icons/blueProfileIcon.png',NULL,'2023-12-05 16:08:33'),
(100037,'','./Profile Icons/blueProfileIcon.png',NULL,'2023-12-05 21:56:30'),
(100038,'okok','/dist/assets/Profile Icons/blueProfileIcon.png',NULL,'2024-02-16 22:44:08'),
(100039,'okok','/dist/assets/Profile Icons/blueProfileIcon.png',NULL,'2024-02-16 22:44:08'),
(100040,'new chat','/dist/assets/Profile Icons/blueProfileIcon.png',NULL,'2024-02-16 22:44:23'),
(100041,'saf','/dist/assets/Profile Icons/blueProfileIcon.png',NULL,'2024-02-16 22:48:48'),
(100042,'saf','/dist/assets/Profile Icons/blueProfileIcon.png',NULL,'2024-02-16 22:48:48'),
(100043,'alright','/dist/assets/Profile Icons/blueProfileIcon.png',NULL,'2024-02-16 22:48:59'),
(100044,'Your Chat','/dist/assets/Profile Icons/blueProfileIcon.png',NULL,'2024-02-16 22:51:50'),
(100045,'Your Chat','/dist/assets/Profile Icons/blueProfileIcon.png',NULL,'2024-02-16 22:51:50'),
(100046,'asdf','/dist/assets/Profile Icons/blueProfileIcon.png',NULL,'2024-02-16 22:52:26'),
(100047,'v','/dist/assets/Profile Icons/blueProfileIcon.png',NULL,'2024-02-16 22:53:36'),
(100048,'v','/dist/assets/Profile Icons/blueProfileIcon.png',NULL,'2024-02-16 22:53:36'),
(100049,'ew','/dist/assets/Profile Icons/blueProfileIcon.png',NULL,'2024-02-16 22:55:37'),
(100050,'ew','/dist/assets/Profile Icons/blueProfileIcon.png',NULL,'2024-02-16 22:55:37'),
(100051,'sadf','/dist/assets/Profile Icons/blueProfileIcon.png',NULL,'2024-02-16 22:56:05'),
(100052,'sadf','/dist/assets/Profile Icons/blueProfileIcon.png',NULL,'2024-02-16 22:56:05'),
(100053,'fafweafdasdawefawaefaewffaewfeaw','/dist/assets/Profile Icons/blueProfileIcon.png',NULL,'2024-02-16 22:56:26'),
(100054,'fafweafdasdawefawaefaewffaewfeaw','/dist/assets/Profile Icons/blueProfileIcon.png',NULL,'2024-02-16 22:56:26'),
(100055,'aw','/dist/assets/Profile Icons/blueProfileIcon.png',NULL,'2024-02-16 22:57:51'),
(100056,'aw','/dist/assets/Profile Icons/blueProfileIcon.png',NULL,'2024-02-16 22:57:51'),
(100057,'avsv','/dist/assets/Profile Icons/blueProfileIcon.png',NULL,'2024-02-16 22:58:03'),
(100058,'avsv','/dist/assets/Profile Icons/blueProfileIcon.png',NULL,'2024-02-16 22:58:03'),
(100059,'asb','/dist/assets/Profile Icons/blueProfileIcon.png',NULL,'2024-02-16 22:58:39'),
(100060,'asb','/dist/assets/Profile Icons/blueProfileIcon.png',NULL,'2024-02-16 22:58:39'),
(100061,'asbmountain','/dist/assets/Profile Icons/blueProfileIcon.png',NULL,'2024-02-16 22:58:56'),
(100062,'asbmountain','/dist/assets/Profile Icons/blueProfileIcon.png',NULL,'2024-02-16 22:58:56'),
(100063,'poop','/dist/assets/Profile Icons/blueProfileIcon.png',NULL,'2024-02-16 23:00:58'),
(100064,'poop','/dist/assets/Profile Icons/blueProfileIcon.png',NULL,'2024-02-16 23:00:58'),
(100065,'pp','/dist/assets/Profile Icons/blueProfileIcon.png',NULL,'2024-02-16 23:02:29'),
(100066,'pp','/dist/assets/Profile Icons/blueProfileIcon.png',NULL,'2024-02-16 23:02:29'),
(100067,'ppp','/dist/assets/Profile Icons/blueProfileIcon.png',NULL,'2024-02-16 23:02:43'),
(100068,'ppp','/dist/assets/Profile Icons/blueProfileIcon.png',NULL,'2024-02-16 23:02:43'),
(100069,'mmee','/dist/assets/Profile Icons/blueProfileIcon.png',NULL,'2024-02-16 23:03:44'),
(100070,'mmee','/dist/assets/Profile Icons/blueProfileIcon.png',NULL,'2024-02-16 23:03:44'),
(100071,'09','/dist/assets/Profile Icons/blueProfileIcon.png',NULL,'2024-02-16 23:04:22'),
(100072,'09','/dist/assets/Profile Icons/blueProfileIcon.png',NULL,'2024-02-16 23:04:22'),
(100073,'23','/dist/assets/Profile Icons/blueProfileIcon.png',NULL,'2024-02-16 23:04:50'),
(100074,'23','/dist/assets/Profile Icons/blueProfileIcon.png',NULL,'2024-02-16 23:04:50'),
(100075,'ok','/dist/assets/Profile Icons/blueProfileIcon.png',NULL,'2024-02-17 00:21:41'),
(100076,'cat','/dist/assets/Profile Icons/blueProfileIcon.png',NULL,'2024-02-17 00:23:43'),
(100077,'aav','/dist/assets/Profile Icons/blueProfileIcon.png',NULL,'2024-02-17 00:25:42'),
(100078,'sadfsdfsdfsdf','/dist/assets/Profile Icons/blueProfileIcon.png',NULL,'2024-02-17 00:26:32'),
(100079,'zzz','/dist/assets/Profile Icons/blueProfileIcon.png',NULL,'2024-02-17 00:28:42'),
(100080,'created','/dist/assets/Profile Icons/blueProfileIcon.png',NULL,'2024-02-17 00:29:30'),
(100081,'test','/dist/assets/Profile Icons/blueProfileIcon.png',NULL,'2024-02-17 01:32:56'),
(100082,'overflow','/dist/assets/Profile Icons/blueProfileIcon.png',NULL,'2024-02-17 01:33:33'),
(100083,'asdf','/dist/assets/Profile Icons/blueProfileIcon.png',NULL,'2024-02-17 01:34:23'),
(100084,'more','/dist/assets/Profile Icons/blueProfileIcon.png',NULL,'2024-02-17 01:44:03'),
(100085,'w','/dist/assets/Profile Icons/blueProfileIcon.png',NULL,'2024-02-17 01:44:40'),
(100086,'asdf','/dist/assets/Profile Icons/blueProfileIcon.png',NULL,'2024-02-17 02:41:10'),
(100087,'Lorem ipsum big text lognLorem ipsum big text lognLorem ipsum big text logn','/dist/assets/Profile Icons/blueProfileIcon.png',NULL,'2024-02-17 03:15:57'),
(100088,'sasdfjsd;lfjsdfj','/dist/assets/Profile Icons/blueProfileIcon.png',NULL,'2024-02-22 11:50:11'),
(100089,'hi','/dist/assets/Profile Icons/blueProfileIcon.png',NULL,'2024-02-22 14:54:09'),
(100090,'ok','/dist/assets/Profile Icons/blueProfileIcon.png',NULL,'2024-02-25 01:44:15'),
(100091,'sadf','/dist/assets/Profile Icons/blueProfileIcon.png',NULL,'2024-02-28 21:10:30'),
(100092,'asf','/dist/assets/Profile Icons/blueProfileIcon.png',NULL,'2024-02-28 21:13:40'),
(100093,'l','/dist/assets/Profile Icons/blueProfileIcon.png',NULL,'2024-03-18 21:12:02'),
(100094,'ddd','/dist/assets/Profile Icons/blueProfileIcon.png',NULL,'2024-05-06 14:58:32'),
(100095,'gg','/dist/assets/Profile Icons/blueProfileIcon.png',NULL,'2024-05-10 14:51:37'),
(100096,'no','/dist/assets/Profile Icons/blueProfileIcon.png',NULL,'2024-05-19 14:55:17'),
(100097,'testing','/dist/assets/Profile Icons/blueProfileIcon.png',NULL,'2024-05-20 15:40:54'),
(100098,'pritesh','/dist/assets/Profile Icons/blueProfileIcon.png',NULL,'2024-07-24 00:13:18'),
(100099,'asdf','/dist/assets/Profile Icons/blueProfileIcon.png',NULL,'2024-08-08 21:47:40'),
(100100,'asdf','/dist/assets/Profile Icons/blueProfileIcon.png',NULL,'2024-08-08 21:47:47'),
(100101,'sab','/dist/assets/Profile Icons/blueProfileIcon.png',NULL,'2024-08-08 21:47:52'),
(100102,'what up','/dist/assets/Profile Icons/blueProfileIcon.png',NULL,'2024-09-14 03:39:32'),
(100103,'r','/dist/assets/Profile Icons/blueProfileIcon.png',NULL,'2024-09-22 14:45:39'),
(100104,'what','/dist/assets/Profile Icons/blueProfileIcon.png',NULL,'2024-09-25 20:14:49'),
(100105,'Friends','/dist/assets/Profile Icons/blueProfileIcon.png',NULL,'2024-10-24 23:36:14'),
(100106,'Friends2','/dist/assets/Profile Icons/blueProfileIcon.png',NULL,'2024-10-24 23:40:17'),
(100107,'Demonstration','/dist/assets/Profile Icons/blueProfileIcon.png',NULL,'2024-10-24 23:43:57'),
(100108,'Demonstration','/dist/assets/Profile Icons/blueProfileIcon.png',NULL,'2024-10-24 23:57:01'),
(100109,'Dd','/dist/assets/Profile Icons/blueProfileIcon.png',NULL,'2024-10-25 01:49:57'),
(100110,'df','/dist/assets/Profile Icons/blueProfileIcon.png',NULL,'2024-11-13 21:27:29'),
(100111,'ok','/dist/assets/Profile Icons/blueProfileIcon.png',NULL,'2025-02-06 01:12:34');
/*!40000 ALTER TABLE `chats` ENABLE KEYS */;
UNLOCK TABLES;

--
-- Table structure for table `links`
--

DROP TABLE IF EXISTS `links`;
/*!40101 SET @saved_cs_client     = @@character_set_client */;
/*!40101 SET character_set_client = utf8mb4 */;
CREATE TABLE `links` (
  `id` int(10) unsigned NOT NULL AUTO_INCREMENT,
  `url` varchar(255) NOT NULL,
  `chatid` int(10) unsigned NOT NULL,
  `created_at` timestamp NULL DEFAULT current_timestamp(),
  `deletion_time` timestamp NULL DEFAULT NULL,
  PRIMARY KEY (`id`)
) ENGINE=InnoDB AUTO_INCREMENT=21 DEFAULT CHARSET=utf8mb4 COLLATE=utf8mb4_general_ci;
/*!40101 SET character_set_client = @saved_cs_client */;

--
-- Dumping data for table `links`
--

LOCK TABLES `links` WRITE;
/*!40000 ALTER TABLE `links` DISABLE KEYS */;
INSERT INTO `links` VALUES
(1,'YuiBjQe3MZ',100017,'2024-10-24 23:14:10',NULL),
(2,'GCll33KMDB',100106,'2024-10-24 23:40:24',NULL),
(3,'tiUnQdHQ4H',100107,'2024-10-24 23:44:04',NULL),
(4,'sjBO2Az6Tj',100108,'2024-10-25 00:22:27',NULL),
(5,'30106Yietx',100017,'2024-10-25 00:35:09',NULL),
(6,'3fkWMtYtbs',100109,'2024-10-25 01:50:01',NULL),
(7,'WpYZD1krK7',100017,'2024-11-13 21:23:26',NULL),
(8,'GNt12mAuMd',100017,'2024-12-27 22:40:29',NULL),
(9,'DTQExyqn1G',100017,'2025-01-02 17:33:17',NULL),
(10,'kQLNOQXRlF',100017,'2025-02-06 01:12:02',NULL),
(11,'fBhljAIrjk',100108,'2025-08-07 21:04:29',NULL),
(12,'nMClLvKltO',100111,'2025-08-08 02:16:56',NULL),
(13,'OWctt2Anzq',100017,'2025-08-09 15:45:44',NULL),
(14,'BkEyAfsUy3',100108,'2025-08-21 18:21:41',NULL),
(15,'va4UNJHL6y',100017,'2025-08-21 18:24:57',NULL),
(16,'r399ajArfD',100017,'2025-08-21 18:25:03',NULL),
(17,'z2a0TkcOsp',100017,'2025-08-21 18:25:13',NULL),
(18,'VmHPAViI5U',100017,'2025-08-21 18:26:28',NULL),
(19,'9ACdeYU3bP',100017,'2025-08-21 18:26:32',NULL),
(20,'v03Q14fqJy',100017,'2025-08-21 18:26:56',NULL);
/*!40000 ALTER TABLE `links` ENABLE KEYS */;
UNLOCK TABLES;

--
-- Table structure for table `messages`
--

DROP TABLE IF EXISTS `messages`;
/*!40101 SET @saved_cs_client     = @@character_set_client */;
/*!40101 SET character_set_client = utf8mb4 */;
CREATE TABLE `messages` (
  `MessageID` int(11) NOT NULL AUTO_INCREMENT,
  `ChatID` int(11) DEFAULT NULL,
  `UserID` int(11) DEFAULT NULL,
  `ProfileIcon` varchar(255) DEFAULT NULL,
  `Username` varchar(255) DEFAULT NULL,
  `Content` text DEFAULT NULL,
  `DateSent` varchar(255) DEFAULT NULL,
  PRIMARY KEY (`MessageID`),
  KEY `ChatID` (`ChatID`),
  KEY `UserID` (`UserID`),
  CONSTRAINT `messages_ibfk_1` FOREIGN KEY (`ChatID`) REFERENCES `chats` (`ChatID`),
  CONSTRAINT `messages_ibfk_2` FOREIGN KEY (`UserID`) REFERENCES `users` (`UserID`)
) ENGINE=InnoDB AUTO_INCREMENT=1001017 DEFAULT CHARSET=utf8mb4 COLLATE=utf8mb4_general_ci;
/*!40101 SET character_set_client = @saved_cs_client */;

--
-- Dumping data for table `messages`
--

LOCK TABLES `messages` WRITE;
/*!40000 ALTER TABLE `messages` DISABLE KEYS */;
INSERT INTO `messages` VALUES
(1000250,100017,100000,'blueProfileIcon.png','Nischay Patel','hello\n','2/16/2024 at 9:40pm'),
(1000251,100019,100000,'blueProfileIcon.png','Nischay Patel','b\n','2/16/2024 at 9:41pm'),
(1000252,100055,100000,'blueProfileIcon.png','Nischay Patel','asf\n','2/16/2024 at 10:17pm'),
(1000253,100055,100000,'blueProfileIcon.png','Nischay Patel','asdf\n','2/16/2024 at 10:17pm'),
(1000254,100017,100000,'blueProfileIcon.png','Nischay Patel','Lorem ipsum big text lognLorem ipsum big text lognLorem ipsum big text lognLorem ipsum big text lognLorem ipsum big text lognLorem ipsum big text lognLorem ipsum big text lognLorem ipsum big text lognLorem ipsum big text lognLorem ipsum big text lognLorem ipsum big text lognLorem ipsum big text lognLorem ipsum big text lognLorem ipsum big text lognv\n','2/16/2024 at 10:17pm'),
(1000255,100017,100000,'blueProfileIcon.png','Nischay Patel','Lorem ipsum big text lognLorem ipsum big text lognLorem ipsum big text lognLorem ipsum big text lognLorem ipsum big text lognLorem ipsum big text lognLorem ipsum big text lognLorem ipsum big text lognLorem ipsum big text lognLorem ipsum big text lognLorem ipsum big text lognLorem ipsum big text lognLorem ipsum big text lognLorem ipsum big text lognLorem ipsum big text lognLorem ipsum big text lognLorem ipsum big text lognLorem ipsum big text lognLorem ipsum big text lognLorem ipsum big text lognLorem ipsum big text lognLorem ipsum big text lognLorem ipsum big text lognLorem ipsum big text lognLorem ipsum big text lognLorem ipsum big text lognLorem ipsum big text lognLorem ipsum big text lognLorem ipsum big text lognLorem ipsum big text lognLorem ipsum big text lognLorem ipsum big text lognLorem ipsum big text lognLorem ipsum big text lognLorem ipsum big text lognLorem ipsum big text lognLorem ipsum big text lognLorem ipsum big text lognLorem ipsum big text lognLorem ipsum big text lognLorem ipsum big text lognLorem ipsum big text lognLorem ipsum big text lognLorem ipsum big text lognLorem ipsum big text lognLorem ipsum big text lognLorem ipsum big text lognLorem ipsum big text lognLorem ipsum big text lognLorem ipsum big text lognLorem ipsum big text lognLorem ipsum big text lognLorem ipsum big text lognLorem ipsum big text lognLorem ipsum big text lognLorem ipsum big text lognLorem ipsum big text lognLorem ipsum big text lognLorem ipsum big text logn\n','2/16/2024 at 10:17pm'),
(1000256,100017,100000,'blueProfileIcon.png','Nischay Patel','Lorem ipsum big text lognLorem ipsum big text lognLorem ipsum big text lognLorem ipsum big text lognLorem ipsum big text lognLorem ipsum big text lognLorem ipsum big text lognLorem ipsum big text lognLorem ipsum big text lognLorem ipsum big text lognLorem ipsum big text lognLorem ipsum big text lognLorem ipsum big text lognLorem ipsum big text lognLorem ipsum big text lognLorem ipsum big text lognLorem ipsum big text lognLorem ipsum big text lognLorem ipsum big text lognLorem ipsum big text lognLorem ipsum big text lognLorem ipsum big text lognLorem ipsum big text lognLorem ipsum big text lognLorem ipsum big text lognLorem ipsum big text lognLorem ipsum big text lognLorem ipsum big text lognLorem ipsum big text lognLorem ipsum big text lognLorem ipsum big text lognLorem ipsum big text lognLorem ipsum big text lognLorem ipsum big text lognLorem ipsum big text lognLorem ipsum big text lognLorem ipsum big text lognLorem ipsum big text lognLorem ipsum big text lognLorem ipsum big text lognLorem ipsum big text lognLorem ipsum big text lognLorem ipsum big text lognLorem ipsum big text lognLorem ipsum big text lognLorem ipsum big text lognLorem ipsum big text lognLorem ipsum big text lognLorem ipsum big text lognLorem ipsum big text lognLorem ipsum big text lognLorem ipsum big text lognLorem ipsum big text lognLorem ipsum big text lognLorem ipsum big text lognLorem ipsum big text lognLorem ipsum big text lognLorem ipsum big text lognLorem ipsum big text lognLorem ipsum big text lognLorem ipsum big text lognLorem ipsum big text lognLorem ipsum big text lognLorem ipsum big text lognLorem ipsum big text lognLorem ipsum big text lognLorem ipsum big text lognLorem ipsum big text lognLorem ipsum big text lognLorem ipsum big text lognLorem ipsum big text lognLorem ipsum big text lognLorem ipsum big text lognLorem ipsum big text lognLorem ipsum big text lognLorem ipsum big text lognLorem ipsum big text lognLorem ipsum big text lognLorem ipsum big text lognLorem ipsum big text lognLorem ipsum big text lognLorem ipsum big text lognLorem ipsum big text lognLorem ipsum big text lognLorem ipsum big text lognLorem ipsum big text lognLorem ipsum big text lognLorem ipsum big text lognLorem ipsum big text lognLorem ipsum big text lognLorem ipsum big text lognLorem ipsum big text lognLorem ipsum big text lognLorem ipsum big text lognLorem ipsum big text lognLorem ipsum big text logn\n','2/16/2024 at 10:17pm'),
(1000257,100017,100000,'blueProfileIcon.png','Nischay Patel','Lorem ipsum big text logn\n','2/16/2024 at 10:17pm'),
(1000258,100017,100000,'blueProfileIcon.png','Nischay Patel','Lorem ipsum big text lognLorem ipsum big text lognLorem ipsum big text lognv\n','2/16/2024 at 10:17pm'),
(1000259,100017,100000,'blueProfileIcon.png','Nischay Patel','Lorem ipsum big text logn\n','2/16/2024 at 10:17pm'),
(1000260,100017,100000,'blueProfileIcon.png','Nischay Patel','Lorem ipsum big text logn\n','2/16/2024 at 10:17pm'),
(1000261,100017,100000,'blueProfileIcon.png','Nischay Patel','Lorem ipsum big text logn\n','2/16/2024 at 10:17pm'),
(1000262,100017,100000,'blueProfileIcon.png','Nischay Patel','Lorem ipsum big text logn\n','2/16/2024 at 10:17pm'),
(1000263,100017,100000,'blueProfileIcon.png','Nischay Patel','Lorem ipsum big text lognLorem ipsum big text lognv\n','2/16/2024 at 10:17pm'),
(1000264,100017,100000,'blueProfileIcon.png','Nischay Patel','Lorem ipsum big text logn\n','2/16/2024 at 10:17pm'),
(1000265,100017,100000,'blueProfileIcon.png','Nischay Patel','Lorem ipsum big text logn\n','2/16/2024 at 10:17pm'),
(1000266,100017,100000,'blueProfileIcon.png','Nischay Patel','Lorem ipsum big text logn\n','2/16/2024 at 10:17pm'),
(1000267,100017,100000,'blueProfileIcon.png','Nischay Patel','Lorem ipsum big text logn\n','2/16/2024 at 10:17pm'),
(1000268,100017,100000,'blueProfileIcon.png','Nischay Patel','Lorem ipsum big text logn\n','2/16/2024 at 10:17pm'),
(1000269,100017,100000,'blueProfileIcon.png','Nischay Patel','Lorem ipsum big text logn\n','2/16/2024 at 10:17pm'),
(1000270,100017,100000,'blueProfileIcon.png','Nischay Patel','v\n','2/16/2024 at 10:17pm'),
(1000271,100017,100000,'blueProfileIcon.png','Nischay Patel','Lorem ipsum big text logn\n','2/16/2024 at 10:17pm'),
(1000272,100017,100000,'blueProfileIcon.png','Nischay Patel','Lorem ipsum big text logn\n','2/16/2024 at 10:17pm'),
(1000273,100017,100000,'blueProfileIcon.png','Nischay Patel','Lorem ipsum big text logn\n','2/16/2024 at 10:17pm'),
(1000274,100017,100000,'blueProfileIcon.png','Nischay Patel','Lorem ipsum big text logn\n','2/16/2024 at 10:17pm'),
(1000275,100017,100000,'blueProfileIcon.png','Nischay Patel','Lorem ipsum big text logn\n','2/16/2024 at 10:17pm'),
(1000276,100017,100000,'blueProfileIcon.png','Nischay Patel','Lorem ipsum big text logn\n','2/16/2024 at 10:17pm'),
(1000277,100017,100000,'blueProfileIcon.png','Nischay Patel','Lorem ipsum big text logn\n','2/16/2024 at 10:17pm'),
(1000278,100017,100000,'blueProfileIcon.png','Nischay Patel','Lorem ipsum big text logn\n','2/16/2024 at 10:17pm'),
(1000279,100017,100000,'blueProfileIcon.png','Nischay Patel','v\n','2/16/2024 at 10:17pm'),
(1000280,100017,100000,'blueProfileIcon.png','Nischay Patel','Lorem ipsum big text logn\n','2/16/2024 at 10:17pm'),
(1000281,100017,100000,'blueProfileIcon.png','Nischay Patel','Lorem ipsum big text logn\n','2/16/2024 at 10:17pm'),
(1000282,100017,100000,'blueProfileIcon.png','Nischay Patel','Lorem ipsum big text logn\n','2/16/2024 at 10:17pm'),
(1000283,100017,100000,'blueProfileIcon.png','Nischay Patel','Lorem ipsum big text logn\n','2/16/2024 at 10:17pm'),
(1000284,100017,100000,'blueProfileIcon.png','Nischay Patel','v\n','2/16/2024 at 10:17pm'),
(1000285,100017,100000,'blueProfileIcon.png','Nischay Patel','Lorem ipsum big text lognLorem ipsum big text lognLorem ipsum big text logn\n','2/16/2024 at 10:17pm'),
(1000286,100017,100000,'blueProfileIcon.png','Nischay Patel','asdfoasfdsadfasdfsdf\n','2/19/2024 at 8:46pm'),
(1000287,100017,100000,'blueProfileIcon.png','Nischay Patel','asfd\n','2/19/2024 at 8:46pm'),
(1000288,100017,100000,'blueProfileIcon.png','Nischay Patel','A','2/21/2024 at 6:53am'),
(1000289,100017,100000,'blueProfileIcon.png','Nischay Patel','A','2/21/2024 at 6:53am'),
(1000290,100017,100000,'blueProfileIcon.png','Nischay Patel','A','2/21/2024 at 6:53am'),
(1000291,100017,100000,'blueProfileIcon.png','Nischay Patel','Aa','2/21/2024 at 6:53am'),
(1000292,100017,100000,'blueProfileIcon.png','Nischay Patel','Aaaa','2/21/2024 at 6:53am'),
(1000293,100017,100000,'blueProfileIcon.png','Nischay Patel','\nA','2/21/2024 at 6:53am'),
(1000294,100017,100000,'blueProfileIcon.png','Nischay Patel','As','2/21/2024 at 6:53am'),
(1000295,100017,100000,'blueProfileIcon.png','Nischay Patel','F','2/21/2024 at 6:53am'),
(1000296,100017,100000,'blueProfileIcon.png','Nischay Patel','Ff','2/21/2024 at 6:53am'),
(1000297,100017,100000,'blueProfileIcon.png','Nischay Patel','Ffd','2/21/2024 at 6:53am'),
(1000298,100017,100000,'blueProfileIcon.png','Nischay Patel','Ffdf','2/21/2024 at 6:53am'),
(1000299,100017,100000,'blueProfileIcon.png','Nischay Patel','Ffdfd','2/21/2024 at 6:53am'),
(1000300,100017,100000,'blueProfileIcon.png','Nischay Patel','Ffdfdd','2/21/2024 at 6:53am'),
(1000301,100017,100000,'blueProfileIcon.png','Nischay Patel','Ffdfdddd','2/21/2024 at 6:53am'),
(1000302,100017,100000,'blueProfileIcon.png','Nischay Patel','\nD','2/21/2024 at 6:53am'),
(1000303,100017,100000,'blueProfileIcon.png','Nischay Patel','Dd','2/21/2024 at 6:54am'),
(1000304,100029,100000,'blueProfileIcon.png','Nischay Patel','D','2/21/2024 at 10:01am'),
(1000305,100029,100000,'blueProfileIcon.png','Nischay Patel','Sd','2/21/2024 at 10:01am'),
(1000306,100029,100000,'blueProfileIcon.png','Nischay Patel','D','2/21/2024 at 10:01am'),
(1000307,100018,100000,'blueProfileIcon.png','Nischay Patel','D','2/21/2024 at 10:01am'),
(1000308,100017,100000,'blueProfileIcon.png','Nischay Patel','what lol','2/21/2024 at 5:39pm'),
(1000309,100017,100000,'blueProfileIcon.png','Nischay Patel','sadfsadfsadfsadfsadfsadfsadfsadfsadfsadfsadfsadfsadfsadfsadfsadfsadfsadfsadfsadfsadfsadfsadfsadfsadfsadfsadfsadfsadfsadfsadfsadfsadfsadfsadfsadfsadfsadfsadfsadfsadfsadfsadfsadfsadfsadfsadfsadfsadfsadfv','2/21/2024 at 5:39pm'),
(1000310,100017,100000,'blueProfileIcon.png','Nischay Patel','app.set(\'trust proxy\', 1);app.set(\'trust proxy\', 1);app.set(\'trust proxy\', 1);app.set(\'trust proxy\', 1);app.set(\'trust proxy\', 1);app.set(\'trust proxy\', 1);app.set(\'trust proxy\', 1);app.set(\'trust proxy\', 1);app.set(\'trust proxy\', 1);app.set(\'trust proxy\', 1);app.set(\'trust proxy\', 1);app.set(\'trust proxy\', 1);app.set(\'trust proxy\', 1);app.set(\'trust proxy\', 1);app.set(\'trust proxy\', 1);app.set(\'trust proxy\', 1);app.set(\'trust proxy\', 1);app.set(\'trust proxy\', 1);app.set(\'trust proxy\', 1);app.set(\'trust proxy\', 1);app.set(\'trust proxy\', 1);app.set(\'trust proxy\', 1);','2/21/2024 at 5:41pm'),
(1000311,100017,100000,'blueProfileIcon.png','Nischay Patel','app.set(\'trust proxy\', 1);app.set(\'trust proxy\', 1);app.set(\'trust proxy\', 1);app.set(\'trust proxy\', 1);app.set(\'trust proxy\', 1);app.set(\'trust proxy\', 1);app.set(\'trust proxy\', 1);app.set(\'trust proxy\', 1);app.set(\'trust proxy\', 1);app.set(\'trust proxy\', 1);app.set(\'trust proxy\', 1);app.set(\'trust proxy\', 1);app.set(\'trust proxy\', 1);app.set(\'trust proxy\', 1);app.set(\'trust proxy\', 1);app.set(\'trust proxy\', 1);v','2/21/2024 at 5:41pm'),
(1000312,100017,100000,'blueProfileIcon.png','Nischay Patel','app.set(\'trust proxy\', 1);app.set(\'trust proxy\', 1);app.set(\'trust proxy\', 1);app.set(\'trust proxy\', 1);app.set(\'trust proxy\', 1);app.set(\'trust proxy\', 1);app.set(\'trust proxy\', 1);app.set(\'trust proxy\', 1);app.set(\'trust proxy\', 1);app.set(\'trust proxy\', 1);app.set(\'trust proxy\', 1);app.set(\'trust proxy\', 1);app.set(\'trust proxy\', 1);app.set(\'trust proxy\', 1);app.set(\'trust proxy\', 1);app.set(\'trust proxy\', 1);app.set(\'trust proxy\', 1);app.set(\'trust proxy\', 1);app.set(\'trust proxy\', 1);app.set(\'trust proxy\', 1);app.set(\'trust proxy\', 1);vvvv','2/21/2024 at 5:41pm'),
(1000313,100017,100000,'blueProfileIcon.png','Nischay Patel','asdf','2/21/2024 at 5:42pm'),
(1000314,100017,100000,'blueProfileIcon.png','Nischay Patel','asf','2/21/2024 at 5:42pm'),
(1000315,100017,100000,'blueProfileIcon.png','Nischay Patel','as','2/21/2024 at 5:42pm'),
(1000316,100017,100000,'blueProfileIcon.png','Nischay Patel','a','2/21/2024 at 5:42pm'),
(1000317,100017,100000,'blueProfileIcon.png','Nischay Patel','aa','2/21/2024 at 5:42pm'),
(1000318,100017,100000,'blueProfileIcon.png','Nischay Patel','\naa','2/21/2024 at 5:42pm'),
(1000319,100017,100000,'blueProfileIcon.png','Nischay Patel','\na','2/21/2024 at 5:42pm'),
(1000320,100017,100000,'blueProfileIcon.png','Nischay Patel','\naa','2/21/2024 at 5:42pm'),
(1000321,100017,100000,'blueProfileIcon.png','Nischay Patel','\na','2/21/2024 at 5:42pm'),
(1000322,100017,100000,'blueProfileIcon.png','Nischay Patel','a','2/21/2024 at 5:42pm'),
(1000323,100017,100000,'blueProfileIcon.png','Nischay Patel','a','2/21/2024 at 5:42pm'),
(1000324,100017,100000,'blueProfileIcon.png','Nischay Patel','a','2/21/2024 at 5:42pm'),
(1000325,100017,100000,'blueProfileIcon.png','Nischay Patel','a','2/21/2024 at 5:42pm'),
(1000326,100017,100000,'blueProfileIcon.png','Nischay Patel','a','2/21/2024 at 5:42pm'),
(1000327,100017,100000,'blueProfileIcon.png','Nischay Patel','a','2/21/2024 at 5:42pm'),
(1000328,100017,100000,'blueProfileIcon.png','Nischay Patel','hi','2/22/2024 at 6:49am'),
(1000329,100017,100000,'blueProfileIcon.png','Nischay Patel','test','2/22/2024 at 6:49am'),
(1000330,100019,100000,'blueProfileIcon.png','Nischay Patel','hi','2/22/2024 at 6:50am'),
(1000331,100088,100000,'blueProfileIcon.png','Nischay Patel','sasf;adsjdslfjalsdjfkasdjlfsdljf;sdljfldjskfa;lskdjfsdlfjssasf;adsjdslfjalsdjfkasdjlfsdljf;sdljfldjskfa;lskdjfsdlfjssasf;adsjdslfjalsdjfkasdjlfsdljf;sdljfldjskfa;lskdjfsdlfjs','2/22/2024 at 6:50am'),
(1000332,100017,100000,'blueProfileIcon.png','Nischay Patel','asdf','2/22/2024 at 9:30am'),
(1000333,100025,100000,'blueProfileIcon.png','Nischay Patel','hi what is up','2/22/2024 at 9:33am'),
(1000334,100019,100000,'blueProfileIcon.png','Nischay Patel','asdf','2/22/2024 at 9:34am'),
(1000335,100017,100000,'blueProfileIcon.png','Nischay Patel','osadfsaf','2/22/2024 at 9:34am'),
(1000336,100089,100000,'blueProfileIcon.png','Nischay Patel','sadfadfsdasfdsffdssddsaffaddafdaffdAfdf\nfadda','2/22/2024 at 9:54am'),
(1000337,100089,100000,'blueProfileIcon.png','Nischay Patel','f','2/22/2024 at 9:54am'),
(1000338,100089,100000,'blueProfileIcon.png','Nischay Patel','dfa','2/22/2024 at 9:54am'),
(1000339,100089,100000,'blueProfileIcon.png','Nischay Patel','dafsdfa','2/22/2024 at 9:54am'),
(1000340,100089,100000,'blueProfileIcon.png','Nischay Patel','\ndafsadf','2/22/2024 at 9:54am'),
(1000341,100089,100000,'blueProfileIcon.png','Nischay Patel','\ndfasdfas','2/22/2024 at 9:54am'),
(1000342,100089,100000,'blueProfileIcon.png','Nischay Patel','dasf','2/22/2024 at 9:54am'),
(1000343,100089,100000,'blueProfileIcon.png','Nischay Patel','dasf','2/22/2024 at 9:54am'),
(1000344,100089,100000,'blueProfileIcon.png','Nischay Patel','dasf','2/22/2024 at 9:54am'),
(1000345,100089,100000,'blueProfileIcon.png','Nischay Patel','dasf','2/22/2024 at 9:54am'),
(1000346,100089,100000,'blueProfileIcon.png','Nischay Patel','dasf','2/22/2024 at 9:54am'),
(1000347,100089,100000,'blueProfileIcon.png','Nischay Patel','adsfdas','2/22/2024 at 9:54am'),
(1000348,100089,100000,'blueProfileIcon.png','Nischay Patel','fadsf','2/22/2024 at 9:54am'),
(1000349,100089,100000,'blueProfileIcon.png','Nischay Patel','\nadsfdaf','2/22/2024 at 9:54am'),
(1000350,100089,100000,'blueProfileIcon.png','Nischay Patel','\nadsfdaf','2/22/2024 at 9:54am'),
(1000351,100089,100000,'blueProfileIcon.png','Nischay Patel','daf','2/22/2024 at 9:54am'),
(1000352,100076,100000,'blueProfileIcon.png','Nischay Patel','sadf;jkkkkkkkkkkkkkkkkkkkkkkkkkkkkkkkkkkkkkkkkkkkkkkkkkkkkkkkkkkkkkkkk','2/22/2024 at 9:57am'),
(1000353,100076,100000,'blueProfileIcon.png','Nischay Patel','dsf;akjjjjjjjjjjjjjjjjjjjlfdsa','2/22/2024 at 9:57am'),
(1000354,100076,100000,'blueProfileIcon.png','Nischay Patel','dsfa;jkkkkkkkkkkdsfaj;;dsajfdask;dfsajk;sjdfk;ajdasfk;jkdfsafjdks;adfsjka;fdskjjsadfkjdsafjkadsfjk;ldfsajk;dasfjk;asdfjk;asdfjk;lasdfjk;','2/22/2024 at 9:57am'),
(1000355,100076,100000,'blueProfileIcon.png','Nischay Patel','kdfjl;akjdsfadafsjkl;kjadfl;dasfkjdsfkjl;kj;fj;adsfkjfdsajadsfjk;adf;jkadsfadsfjk;kjadsfl;adsfjkl;dasjfkl;adsfjkl;adsfjkl;ajdsfkl;','2/22/2024 at 9:57am'),
(1000356,100076,100000,'blueProfileIcon.png','Nischay Patel','sadkfjl;;;;;;;;;;;;;;;;;;;;;;;;;;;','2/22/2024 at 9:57am'),
(1000357,100076,100000,'blueProfileIcon.png','Nischay Patel','asdfk;jl','2/22/2024 at 9:57am'),
(1000358,100076,100000,'blueProfileIcon.png','Nischay Patel','asdfasdf','2/22/2024 at 9:58am'),
(1000359,100076,100000,'blueProfileIcon.png','Nischay Patel','sdaf','2/22/2024 at 9:58am'),
(1000360,100076,100000,'blueProfileIcon.png','Nischay Patel','dsf','2/22/2024 at 9:58am'),
(1000361,100076,100000,'blueProfileIcon.png','Nischay Patel','adsf','2/22/2024 at 9:58am'),
(1000362,100076,100000,'blueProfileIcon.png','Nischay Patel','asdfadsfasassa','2/22/2024 at 9:58am'),
(1000363,100076,100000,'blueProfileIcon.png','Nischay Patel','dasf','2/22/2024 at 9:58am'),
(1000364,100076,100000,'blueProfileIcon.png','Nischay Patel','\nsdfa','2/22/2024 at 9:58am'),
(1000365,100076,100000,'blueProfileIcon.png','Nischay Patel','sadf','2/22/2024 at 9:58am'),
(1000366,100076,100000,'blueProfileIcon.png','Nischay Patel','sfad','2/22/2024 at 9:58am'),
(1000367,100076,100000,'blueProfileIcon.png','Nischay Patel','sadf','2/22/2024 at 9:58am'),
(1000368,100076,100000,'blueProfileIcon.png','Nischay Patel','\n','2/22/2024 at 9:58am'),
(1000369,100076,100000,'blueProfileIcon.png','Nischay Patel','adb','2/22/2024 at 9:58am'),
(1000370,100076,100000,'blueProfileIcon.png','Nischay Patel','\n\n\n\n\n\n\n\n\n\n\n\n\n\n\n\n\n\n\n\n\n\ndasf','2/22/2024 at 9:58am'),
(1000371,100076,100000,'blueProfileIcon.png','Nischay Patel','\nsdfa','2/22/2024 at 9:58am'),
(1000372,100076,100000,'blueProfileIcon.png','Nischay Patel','sdaff','2/22/2024 at 9:58am'),
(1000373,100017,100000,'blueProfileIcon.png','Nischay Patel','fas','2/22/2024 at 10:35am'),
(1000374,100017,100000,'blueProfileIcon.png','Nischay Patel','af','2/22/2024 at 10:35am'),
(1000375,100017,100000,'blueProfileIcon.png','Nischay Patel','s','2/22/2024 at 10:35am'),
(1000376,100017,100000,'blueProfileIcon.png','Nischay Patel','\nff','2/22/2024 at 10:35am'),
(1000377,100017,100000,'blueProfileIcon.png','Nischay Patel','afs','2/22/2024 at 10:35am'),
(1000378,100017,100000,'blueProfileIcon.png','Nischay Patel','asf','2/22/2024 at 10:35am'),
(1000379,100017,100000,'blueProfileIcon.png','Nischay Patel','sadbjdoifjas;ldfj;slf','2/22/2024 at 10:35am'),
(1000380,100017,100000,'blueProfileIcon.png','Nischay Patel','ok whatis going on and why is it so slow','2/22/2024 at 10:35am'),
(1000381,100017,100000,'blueProfileIcon.png','Nischay Patel','asflkj','2/22/2024 at 10:35am'),
(1000382,100017,100000,'blueProfileIcon.png','Nischay Patel','lk;jsadfadsf','2/22/2024 at 10:36am'),
(1000383,100017,100000,'blueProfileIcon.png','Nischay Patel','sadf;ladsfkjasdlfjasdf','2/22/2024 at 10:36am'),
(1000384,100017,100000,'blueProfileIcon.png','Nischay Patel','asdl;kfjasdljfasldfjas','2/22/2024 at 10:36am'),
(1000385,100017,100000,'blueProfileIcon.png','Nischay Patel','ok','2/22/2024 at 11:18am'),
(1000386,100017,100000,'blueProfileIcon.png','Nischay Patel','sadf','2/22/2024 at 11:18am'),
(1000387,100017,100000,'blueProfileIcon.png','Nischay Patel','sabdsdbsdb','2/22/2024 at 11:18am'),
(1000388,100017,100000,'blueProfileIcon.png','Nischay Patel','ik\\','2/24/2024 at 8:44pm'),
(1000389,100017,100000,'blueProfileIcon.png','Nischay Patel','iu','2/24/2024 at 8:44pm'),
(1000390,100090,100000,'blueProfileIcon.png','Nischay Patel','hi','2/24/2024 at 8:46pm'),
(1000391,100090,100000,'blueProfileIcon.png','Nischay Patel','guys','2/24/2024 at 8:46pm'),
(1000392,100090,100000,'blueProfileIcon.png','Nischay Patel','welcome','2/24/2024 at 8:46pm'),
(1000393,100090,100000,'blueProfileIcon.png','Nischay Patel','to','2/24/2024 at 8:46pm'),
(1000394,100090,100000,'blueProfileIcon.png','Nischay Patel','my','2/24/2024 at 8:46pm'),
(1000395,100090,100000,'blueProfileIcon.png','Nischay Patel','channel','2/24/2024 at 8:46pm'),
(1000396,100017,100000,'blueProfileIcon.png','Nischay Patel','adf','2/26/2024 at 4:50pm'),
(1000397,100017,100000,'blueProfileIcon.png','Nischay Patel','yuhh','2/28/2024 at 4:02pm'),
(1000398,100091,100023,'blueProfileIcon.png','test','saf','2/28/2024 at 4:10pm'),
(1000399,100091,100023,'blueProfileIcon.png','test','asdb','2/28/2024 at 4:10pm'),
(1000400,100091,100023,'blueProfileIcon.png','test','safd','2/28/2024 at 4:13pm'),
(1000401,100092,100023,'blueProfileIcon.png','test','asdfsa','2/28/2024 at 4:13pm'),
(1000402,100092,100023,'blueProfileIcon.png','test','\nas','2/28/2024 at 4:13pm'),
(1000403,100092,100023,'blueProfileIcon.png','test','as','2/28/2024 at 4:13pm'),
(1000404,100092,100023,'blueProfileIcon.png','test','a','2/28/2024 at 4:13pm'),
(1000405,100092,100023,'blueProfileIcon.png','test','a','2/28/2024 at 4:13pm'),
(1000406,100092,100023,'blueProfileIcon.png','test','aa','2/28/2024 at 4:13pm'),
(1000407,100092,100023,'blueProfileIcon.png','test','\naa','2/28/2024 at 4:13pm'),
(1000408,100092,100023,'blueProfileIcon.png','test','\na','2/28/2024 at 4:13pm'),
(1000409,100092,100023,'blueProfileIcon.png','test','aa','2/28/2024 at 4:13pm'),
(1000410,100092,100023,'blueProfileIcon.png','test','\na','2/28/2024 at 4:13pm'),
(1000411,100092,100023,'blueProfileIcon.png','test','asd','2/28/2024 at 4:13pm'),
(1000412,100017,100000,'blueProfileIcon.png','Nischay Patel','asdf','2/29/2024 at 7:51pm'),
(1000413,100017,100000,'blueProfileIcon.png','Nischay Patel','be on','3/2/2024 at 12:56pm'),
(1000414,100017,100000,'blueProfileIcon.png','Nischay Patel','cause','3/2/2024 at 12:56pm'),
(1000415,100017,100000,'blueProfileIcon.png','Nischay Patel','is ust fin','3/2/2024 at 12:56pm'),
(1000416,100017,100000,'blueProfileIcon.png','Nischay Patel','sdf','3/15/2024 at 10:18am'),
(1000417,100017,100000,'blueProfileIcon.png','Nischay Patel','તે','3/16/2024 at 6:39pm'),
(1000418,100017,100000,'blueProfileIcon.png','Nischay Patel','trai ek ek pal jay lakhani','3/18/2024 at 5:11pm'),
(1000419,100091,100023,'blueProfileIcon.png','test','hi','3/26/2024 at 9:56am'),
(1000420,100091,100023,'blueProfileIcon.png','test','we can talk','3/26/2024 at 9:56am'),
(1000421,100091,100023,'blueProfileIcon.png','test','lol','3/26/2024 at 9:56am'),
(1000422,100091,100023,'blueProfileIcon.png','test','wack','3/26/2024 at 10:01am'),
(1000423,100091,100023,'blueProfileIcon.png','test','hi','3/26/2024 at 10:01am'),
(1000424,100091,100023,'blueProfileIcon.png','test','yoo','3/26/2024 at 10:01am'),
(1000425,100091,100023,'blueProfileIcon.png','test','thatxz crazy','3/26/2024 at 10:01am'),
(1000426,100091,100023,'blueProfileIcon.png','test','wild','3/26/2024 at 10:01am'),
(1000427,100091,100023,'blueProfileIcon.png','test','ikr','3/26/2024 at 10:02am'),
(1000428,100091,100023,'blueProfileIcon.png','test','wonky','3/26/2024 at 10:02am'),
(1000429,100091,100023,'blueProfileIcon.png','test','refresh the page','3/26/2024 at 10:02am'),
(1000430,100091,100023,'blueProfileIcon.png','test','press ctrl + r','3/26/2024 at 10:02am'),
(1000431,100091,100023,'blueProfileIcon.png','test','yeaah','3/26/2024 at 10:03am'),
(1000432,100091,100023,'blueProfileIcon.png','test','woohoo','3/26/2024 at 10:03am'),
(1000433,100092,100023,'blueProfileIcon.png','test','this not loading','3/26/2024 at 10:03am'),
(1000434,100017,100000,'blueProfileIcon.png','Nischay Patel','tes','4/22/2024 at 4:34pm'),
(1000435,100094,100030,'blueProfileIcon.png','w','ok','5/6/2024 at 10:58am'),
(1000436,100094,100030,'blueProfileIcon.png','w','hi shane','5/10/2024 at 10:47am'),
(1000437,100091,100023,'blueProfileIcon.png','test','pp','5/10/2024 at 10:52am'),
(1000438,100091,100023,'blueProfileIcon.png','test','ujtf','5/10/2024 at 10:52am'),
(1000439,100091,100023,'blueProfileIcon.png','test','d','5/10/2024 at 10:52am'),
(1000440,100091,100023,'blueProfileIcon.png','test','hi shane','5/10/2024 at 10:52am'),
(1000441,100091,100023,'blueProfileIcon.png','test','hellocnischay','5/10/2024 at 10:52am'),
(1000442,100091,100023,'blueProfileIcon.png','test','yooo','5/10/2024 at 10:52am'),
(1000443,100091,100023,'blueProfileIcon.png','test','pp','5/10/2024 at 10:52am'),
(1000444,100091,100023,'blueProfileIcon.png','test','a','5/10/2024 at 10:53am'),
(1000445,100091,100023,'blueProfileIcon.png','test','a','5/10/2024 at 10:53am'),
(1000446,100091,100023,'blueProfileIcon.png','test','a','5/10/2024 at 10:53am'),
(1000447,100091,100023,'blueProfileIcon.png','test','a','5/10/2024 at 10:53am'),
(1000448,100091,100023,'blueProfileIcon.png','test','a','5/10/2024 at 10:53am'),
(1000449,100091,100023,'blueProfileIcon.png','test','a','5/10/2024 at 10:53am'),
(1000450,100091,100023,'blueProfileIcon.png','test','a','5/10/2024 at 10:53am'),
(1000451,100091,100023,'blueProfileIcon.png','test','a','5/10/2024 at 10:53am'),
(1000452,100091,100023,'blueProfileIcon.png','test','a','5/10/2024 at 10:53am'),
(1000453,100091,100023,'blueProfileIcon.png','test','a','5/10/2024 at 10:53am'),
(1000454,100091,100023,'blueProfileIcon.png','test','a','5/10/2024 at 10:53am'),
(1000455,100091,100023,'blueProfileIcon.png','test','🥚🥚','5/10/2024 at 10:53am'),
(1000456,100091,100023,'blueProfileIcon.png','test','😊😊😊','5/10/2024 at 10:53am'),
(1000457,100092,100023,'blueProfileIcon.png','test','yes it is','5/10/2024 at 10:53am'),
(1000458,100091,100023,'blueProfileIcon.png','test',':-D','5/10/2024 at 10:53am'),
(1000459,100091,100023,'blueProfileIcon.png','test','who came after the abbasids','5/10/2024 at 10:53am'),
(1000460,100091,100023,'blueProfileIcon.png','test','ottomans','5/10/2024 at 10:53am'),
(1000461,100091,100023,'blueProfileIcon.png','test','did they control the same area','5/10/2024 at 10:54am'),
(1000462,100091,100023,'blueProfileIcon.png','test','no idea','5/10/2024 at 10:54am'),
(1000463,100091,100023,'blueProfileIcon.png','test','middle east smth','5/10/2024 at 10:54am'),
(1000464,100091,100023,'blueProfileIcon.png','test','<p>d<p>','5/10/2024 at 10:54am'),
(1000465,100091,100023,'blueProfileIcon.png','test','https://game.classchats.net/party/aSjtF3QIHH','5/16/2024 at 10:59am'),
(1000466,100091,100023,'blueProfileIcon.png','test','https://game.classchats.net/party/aSjtF3QIHH','5/16/2024 at 10:59am'),
(1000467,100091,100023,'blueProfileIcon.png','test','https://game.classchats.net/party/aSjtF3QIHH','5/16/2024 at 10:59am'),
(1000468,100091,100023,'blueProfileIcon.png','test','https://game.classchats.net/party/aSjtF3QIHH','5/16/2024 at 10:59am'),
(1000469,100091,100023,'blueProfileIcon.png','test','https://game.classchats.net/party/aSjtF3QIHH','5/16/2024 at 10:59am'),
(1000470,100091,100023,'blueProfileIcon.png','test','https://game.classchats.net/party/aSjtF3QIHH','5/16/2024 at 10:59am'),
(1000471,100091,100023,'blueProfileIcon.png','test','https://game.classchats.net/party/aSjtF3QIHH','5/16/2024 at 10:59am'),
(1000472,100091,100023,'blueProfileIcon.png','test','https://game.classchats.net/party/aSjtF3QIHH','5/16/2024 at 10:59am'),
(1000473,100091,100023,'blueProfileIcon.png','test','https://game.classchats.net/party/aSjtF3QIHH','5/16/2024 at 10:59am'),
(1000474,100091,100023,'blueProfileIcon.png','test','https://game.classchats.net/party/aSjtF3QIHHhttps://game.classchats.net/party/aSjtF3QIHH','5/16/2024 at 10:59am'),
(1000475,100091,100023,'blueProfileIcon.png','test','\nhttps://game.classchats.net/party/aSjtF3QIHH','5/16/2024 at 10:59am'),
(1000476,100091,100023,'blueProfileIcon.png','test','https://game.classchats.net/party/aSjtF3QIHH','5/16/2024 at 10:59am'),
(1000477,100091,100023,'blueProfileIcon.png','test','https://game.classchats.net/party/aSjtF3QIHH','5/16/2024 at 10:59am'),
(1000478,100091,100023,'blueProfileIcon.png','test','https://game.classchats.net/party/aSjtF3QIHH','5/16/2024 at 10:59am'),
(1000479,100091,100023,'blueProfileIcon.png','test','https://game.classchats.net/party/aSjtF3QIHH','5/16/2024 at 10:59am'),
(1000480,100091,100023,'blueProfileIcon.png','test','https://game.classchats.net/party/aSjtF3QIHH','5/16/2024 at 10:59am'),
(1000481,100091,100023,'blueProfileIcon.png','test','https://game.classchats.net/party/aSjtF3QIHH','5/16/2024 at 10:59am'),
(1000482,100091,100023,'blueProfileIcon.png','test','https://game.classchats.net/party/aSjtF3QIHH','5/16/2024 at 10:59am'),
(1000483,100091,100023,'blueProfileIcon.png','test','https://game.classchats.net/party/aSjtF3QIHH','5/16/2024 at 10:59am'),
(1000484,100091,100023,'blueProfileIcon.png','test','https://game.classchats.net/party/aSjtF3QIHH','5/16/2024 at 10:59am'),
(1000485,100091,100023,'blueProfileIcon.png','test','https://game.classchats.net/party/aSjtF3QIHH','5/16/2024 at 10:59am'),
(1000486,100091,100023,'blueProfileIcon.png','test','https://game.classchats.net/party/aSjtF3QIHH','5/16/2024 at 10:59am'),
(1000487,100091,100023,'blueProfileIcon.png','test','https://game.classchats.net/party/aSjtF3QIHH','5/16/2024 at 10:59am'),
(1000488,100091,100023,'blueProfileIcon.png','test','https://game.classchats.net/party/aSjtF3QIHH','5/16/2024 at 10:59am'),
(1000489,100091,100023,'blueProfileIcon.png','test','https://game.classchats.net/party/aSjtF3QIHH','5/16/2024 at 10:59am'),
(1000490,100091,100023,'blueProfileIcon.png','test','https://game.classchats.net/party/aSjtF3QIHH','5/16/2024 at 10:59am'),
(1000491,100091,100023,'blueProfileIcon.png','test','https://game.classchats.net/party/aSjtF3QIHH','5/16/2024 at 10:59am'),
(1000492,100091,100023,'blueProfileIcon.png','test','https://game.classchats.net/party/aSjtF3QIHH','5/16/2024 at 10:59am'),
(1000493,100091,100023,'blueProfileIcon.png','test','https://game.classchats.net/party/aSjtF3QIHH','5/16/2024 at 10:59am'),
(1000494,100091,100023,'blueProfileIcon.png','test','https://game.classchats.net/party/aSjtF3QIHH','5/16/2024 at 10:59am'),
(1000495,100091,100023,'blueProfileIcon.png','test','https://game.classchats.net/party/aSjtF3QIHH','5/16/2024 at 10:59am'),
(1000496,100091,100023,'blueProfileIcon.png','test','https://game.classchats.net/party/aSjtF3QIHH','5/16/2024 at 10:59am'),
(1000497,100091,100023,'blueProfileIcon.png','test','https://game.classchats.net/party/aSjtF3QIHH','5/16/2024 at 10:59am'),
(1000498,100091,100023,'blueProfileIcon.png','test','https://game.classchats.net/party/aSjtF3QIHH','5/16/2024 at 10:59am'),
(1000499,100091,100023,'blueProfileIcon.png','test','https://game.classchats.net/party/aSjtF3QIHH','5/16/2024 at 10:59am'),
(1000500,100091,100023,'blueProfileIcon.png','test','https://game.classchats.net/party/aSjtF3QIHH','5/16/2024 at 10:59am'),
(1000501,100091,100023,'blueProfileIcon.png','test','https://game.classchats.net/party/aSjtF3QIHH','5/16/2024 at 10:59am'),
(1000502,100091,100023,'blueProfileIcon.png','test','https://game.classchats.net/party/aSjtF3QIHH','5/16/2024 at 10:59am'),
(1000503,100091,100023,'blueProfileIcon.png','test','https://game.classchats.net/party/aSjtF3QIHH','5/16/2024 at 10:59am'),
(1000504,100091,100023,'blueProfileIcon.png','test','https://game.classchats.net/party/aSjtF3QIHH','5/16/2024 at 10:59am'),
(1000505,100091,100023,'blueProfileIcon.png','test','https://game.classchats.net/party/aSjtF3QIHH','5/16/2024 at 10:59am'),
(1000506,100091,100023,'blueProfileIcon.png','test','https://game.classchats.net/party/aSjtF3QIHH','5/16/2024 at 10:59am'),
(1000507,100091,100023,'blueProfileIcon.png','test','https://game.classchats.net/party/aSjtF3QIHH','5/16/2024 at 10:59am'),
(1000508,100091,100023,'blueProfileIcon.png','test','https://game.classchats.net/party/aSjtF3QIHH','5/16/2024 at 10:59am'),
(1000509,100091,100023,'blueProfileIcon.png','test','https://game.classchats.net/party/aSjtF3QIHH','5/16/2024 at 10:59am'),
(1000510,100091,100023,'blueProfileIcon.png','test','https://game.classchats.net/party/aSjtF3QIHH','5/16/2024 at 10:59am'),
(1000511,100091,100023,'blueProfileIcon.png','test','https://game.classchats.net/party/aSjtF3QIHH','5/16/2024 at 10:59am'),
(1000512,100091,100023,'blueProfileIcon.png','test','https://game.classchats.net/party/aSjtF3QIHH','5/16/2024 at 10:59am'),
(1000513,100091,100023,'blueProfileIcon.png','test','https://game.classchats.net/party/aSjtF3QIHH','5/16/2024 at 10:59am'),
(1000514,100091,100023,'blueProfileIcon.png','test','https://game.classchats.net/party/aSjtF3QIHH','5/16/2024 at 10:59am'),
(1000515,100091,100023,'blueProfileIcon.png','test','https://game.classchats.net/party/aSjtF3QIHH','5/16/2024 at 10:59am'),
(1000516,100091,100023,'blueProfileIcon.png','test','https://game.classchats.net/party/aSjtF3QIHH','5/16/2024 at 10:59am'),
(1000517,100091,100023,'blueProfileIcon.png','test','https://game.classchats.net/party/aSjtF3QIHH','5/16/2024 at 10:59am'),
(1000518,100091,100023,'blueProfileIcon.png','test','https://game.classchats.net/party/aSjtF3QIHH','5/16/2024 at 11:00am'),
(1000519,100091,100023,'blueProfileIcon.png','test','https://game.classchats.net/party/aSjtF3QIHH','5/16/2024 at 11:00am'),
(1000520,100091,100023,'blueProfileIcon.png','test','https://game.classchats.net/party/aSjtF3QIHH','5/16/2024 at 11:00am'),
(1000521,100091,100023,'blueProfileIcon.png','test','https://game.classchats.net/party/aSjtF3QIHH','5/16/2024 at 11:00am'),
(1000522,100091,100023,'blueProfileIcon.png','test','https://game.classchats.net/party/aSjtF3QIHH','5/16/2024 at 11:00am'),
(1000523,100091,100023,'blueProfileIcon.png','test','https://game.classchats.net/party/aSjtF3QIHH','5/16/2024 at 11:00am'),
(1000524,100091,100023,'blueProfileIcon.png','test','https://game.classchats.net/party/aSjtF3QIHH','5/16/2024 at 11:00am'),
(1000525,100091,100023,'blueProfileIcon.png','test','https://game.classchats.net/party/aSjtF3QIHH','5/16/2024 at 11:00am'),
(1000526,100091,100023,'blueProfileIcon.png','test','https://game.classchats.net/party/aSjtF3QIHH','5/16/2024 at 11:00am'),
(1000527,100091,100023,'blueProfileIcon.png','test','https://game.classchats.net/party/aSjtF3QIHH','5/16/2024 at 11:00am'),
(1000528,100091,100023,'blueProfileIcon.png','test','https://game.classchats.net/party/aSjtF3QIHH','5/16/2024 at 11:00am'),
(1000529,100091,100023,'blueProfileIcon.png','test','https://game.classchats.net/party/aSjtF3QIHH','5/16/2024 at 11:00am'),
(1000530,100091,100023,'blueProfileIcon.png','test','https://game.classchats.net/party/aSjtF3QIHH','5/16/2024 at 11:00am'),
(1000531,100091,100023,'blueProfileIcon.png','test','https://game.classchats.net/party/aSjtF3QIHH','5/16/2024 at 11:00am'),
(1000532,100091,100023,'blueProfileIcon.png','test','https://game.classchats.net/party/aSjtF3QIHH','5/16/2024 at 11:00am'),
(1000533,100091,100023,'blueProfileIcon.png','test','https://game.classchats.net/party/aSjtF3QIHH','5/16/2024 at 11:00am'),
(1000534,100091,100023,'blueProfileIcon.png','test','https://game.classchats.net/party/aSjtF3QIHH','5/16/2024 at 11:00am'),
(1000535,100091,100023,'blueProfileIcon.png','test','https://game.classchats.net/party/aSjtF3QIHH','5/16/2024 at 11:00am'),
(1000536,100091,100023,'blueProfileIcon.png','test','https://game.classchats.net/party/aSjtF3QIHH','5/16/2024 at 11:00am'),
(1000537,100091,100023,'blueProfileIcon.png','test','https://game.classchats.net/party/aSjtF3QIHH','5/16/2024 at 11:00am'),
(1000538,100091,100023,'blueProfileIcon.png','test','https://game.classchats.net/party/aSjtF3QIHH','5/16/2024 at 11:00am'),
(1000539,100091,100023,'blueProfileIcon.png','test','https://game.classchats.net/party/aSjtF3QIHH','5/16/2024 at 11:00am'),
(1000540,100091,100023,'blueProfileIcon.png','test','https://game.classchats.net/party/aSjtF3QIHH','5/16/2024 at 11:00am'),
(1000541,100091,100023,'blueProfileIcon.png','test','https://game.classchats.net/party/aSjtF3QIHH','5/16/2024 at 11:00am'),
(1000542,100091,100023,'blueProfileIcon.png','test','https://game.classchats.net/party/aSjtF3QIHH','5/16/2024 at 11:00am'),
(1000543,100091,100023,'blueProfileIcon.png','test','https://game.classchats.net/party/aSjtF3QIHH','5/16/2024 at 11:00am'),
(1000544,100091,100023,'blueProfileIcon.png','test','https://game.classchats.net/party/aSjtF3QIHH','5/16/2024 at 11:00am'),
(1000545,100091,100023,'blueProfileIcon.png','test','https://game.classchats.net/party/aSjtF3QIHH','5/16/2024 at 11:00am'),
(1000546,100091,100023,'blueProfileIcon.png','test','https://game.classchats.net/party/aSjtF3QIHH','5/16/2024 at 11:00am'),
(1000547,100091,100023,'blueProfileIcon.png','test','https://game.classchats.net/party/aSjtF3QIHH','5/16/2024 at 11:00am'),
(1000548,100091,100023,'blueProfileIcon.png','test','https://game.classchats.net/party/aSjtF3QIHH','5/16/2024 at 11:00am'),
(1000549,100091,100023,'blueProfileIcon.png','test','https://game.classchats.net/party/aSjtF3QIHH','5/16/2024 at 11:00am'),
(1000550,100091,100023,'blueProfileIcon.png','test','https://game.classchats.net/party/aSjtF3QIHH','5/16/2024 at 11:00am'),
(1000551,100091,100023,'blueProfileIcon.png','test','https://game.classchats.net/party/aSjtF3QIHH','5/16/2024 at 11:00am'),
(1000552,100091,100023,'blueProfileIcon.png','test','https://game.classchats.net/party/aSjtF3QIHH','5/16/2024 at 11:00am'),
(1000553,100091,100023,'blueProfileIcon.png','test','https://game.classchats.net/party/aSjtF3QIHH','5/16/2024 at 11:00am'),
(1000554,100091,100023,'blueProfileIcon.png','test','https://game.classchats.net/party/aSjtF3QIHH','5/16/2024 at 11:00am'),
(1000555,100091,100023,'blueProfileIcon.png','test','https://game.classchats.net/party/aSjtF3QIHH','5/16/2024 at 11:00am'),
(1000556,100091,100023,'blueProfileIcon.png','test','https://game.classchats.net/party/aSjtF3QIHH','5/16/2024 at 11:00am'),
(1000557,100091,100023,'blueProfileIcon.png','test','https://game.classchats.net/party/aSjtF3QIHH','5/16/2024 at 11:00am'),
(1000558,100091,100023,'blueProfileIcon.png','test','https://game.classchats.net/party/aSjtF3QIHH','5/16/2024 at 11:00am'),
(1000559,100091,100023,'blueProfileIcon.png','test','https://game.classchats.net/party/aSjtF3QIHH','5/16/2024 at 11:00am'),
(1000560,100091,100023,'blueProfileIcon.png','test','https://game.classchats.net/party/aSjtF3QIHH','5/16/2024 at 11:01am'),
(1000561,100091,100023,'blueProfileIcon.png','test','https://game.classchats.net/party/aSjtF3QIHH','5/16/2024 at 11:01am'),
(1000562,100091,100023,'blueProfileIcon.png','test','https://game.classchats.net/party/aSjtF3QIHH','5/16/2024 at 11:01am'),
(1000563,100091,100023,'blueProfileIcon.png','test','https://game.classchats.net/party/aSjtF3QIHH','5/16/2024 at 11:01am'),
(1000564,100091,100023,'blueProfileIcon.png','test','https://game.classchats.net/party/aSjtF3QIHH','5/16/2024 at 11:01am'),
(1000565,100091,100023,'blueProfileIcon.png','test','https://game.classchats.net/party/aSjtF3QIHH','5/16/2024 at 11:01am'),
(1000566,100091,100023,'blueProfileIcon.png','test','https://game.classchats.net/party/aSjtF3QIHH','5/16/2024 at 11:01am'),
(1000567,100091,100023,'blueProfileIcon.png','test','https://game.classchats.net/party/aSjtF3QIHH','5/16/2024 at 11:01am'),
(1000568,100091,100023,'blueProfileIcon.png','test','https://game.classchats.net/party/aSjtF3QIHH','5/16/2024 at 11:01am'),
(1000569,100091,100023,'blueProfileIcon.png','test','https://game.classchats.net/party/aSjtF3QIHH','5/16/2024 at 11:01am'),
(1000570,100091,100023,'blueProfileIcon.png','test','https://game.classchats.net/party/aSjtF3QIHH','5/16/2024 at 11:01am'),
(1000571,100091,100023,'blueProfileIcon.png','test','https://game.classchats.net/party/aSjtF3QIHH','5/16/2024 at 11:01am'),
(1000572,100091,100023,'blueProfileIcon.png','test','https://game.classchats.net/party/aSjtF3QIHH','5/16/2024 at 11:01am'),
(1000573,100091,100023,'blueProfileIcon.png','test','https://game.classchats.net/party/aSjtF3QIHH','5/16/2024 at 11:01am'),
(1000574,100091,100023,'blueProfileIcon.png','test','https://game.classchats.net/party/aSjtF3QIHH','5/16/2024 at 11:01am'),
(1000575,100091,100023,'blueProfileIcon.png','test','agejtdx','5/16/2024 at 11:01am'),
(1000576,100091,100023,'blueProfileIcon.png','test','xjte','5/16/2024 at 11:01am'),
(1000577,100091,100023,'blueProfileIcon.png','test','jrtx','5/16/2024 at 11:01am'),
(1000578,100091,100023,'blueProfileIcon.png','test','rj','5/16/2024 at 11:01am'),
(1000579,100091,100023,'blueProfileIcon.png','test','jtrx','5/16/2024 at 11:01am'),
(1000580,100091,100023,'blueProfileIcon.png','test','trjx','5/16/2024 at 11:01am'),
(1000581,100091,100023,'blueProfileIcon.png','test','etxj','5/16/2024 at 11:01am'),
(1000582,100091,100023,'blueProfileIcon.png','test','k','5/16/2024 at 11:01am'),
(1000583,100091,100023,'blueProfileIcon.png','test','https://game.classchats.net/party/aSjtF3QIHH','5/16/2024 at 11:01am'),
(1000584,100091,100023,'blueProfileIcon.png','test','https://game.classchats.net/party/aSjtF3QIHH','5/16/2024 at 11:01am'),
(1000585,100091,100023,'blueProfileIcon.png','test','https://game.classchats.net/party/aSjtF3QIHH','5/16/2024 at 11:01am'),
(1000586,100091,100023,'blueProfileIcon.png','test','https://game.classchats.net/party/aSjtF3QIHH','5/16/2024 at 11:01am'),
(1000587,100091,100023,'blueProfileIcon.png','test','https://game.classchats.net/party/aSjtF3QIHH','5/16/2024 at 11:01am'),
(1000588,100091,100023,'blueProfileIcon.png','test','https://game.classchats.net/party/aSjtF3QIHH','5/16/2024 at 11:01am'),
(1000589,100091,100023,'blueProfileIcon.png','test','https://game.classchats.net/party/aSjtF3QIHH','5/16/2024 at 11:01am'),
(1000590,100091,100023,'blueProfileIcon.png','test','https://game.classchats.net/party/aSjtF3QIHH','5/16/2024 at 11:01am'),
(1000591,100091,100023,'blueProfileIcon.png','test','https://game.classchats.net/party/aSjtF3QIHH','5/16/2024 at 11:01am'),
(1000592,100091,100023,'blueProfileIcon.png','test','https://game.classchats.net/party/aSjtF3QIHH','5/16/2024 at 11:01am'),
(1000593,100091,100023,'blueProfileIcon.png','test','https://game.classchats.net/party/aSjtF3QIHH','5/16/2024 at 11:01am'),
(1000594,100091,100023,'blueProfileIcon.png','test','https://game.classchats.net/party/aSjtF3QIHH','5/16/2024 at 11:01am'),
(1000595,100091,100023,'blueProfileIcon.png','test','https://game.classchats.net/party/aSjtF3QIHH','5/16/2024 at 11:01am'),
(1000596,100091,100023,'blueProfileIcon.png','test','https://game.classchats.net/party/aSjtF3QIHH','5/16/2024 at 11:01am'),
(1000597,100091,100023,'blueProfileIcon.png','test','https://game.classchats.net/party/aSjtF3QIHH','5/16/2024 at 11:01am'),
(1000598,100091,100023,'blueProfileIcon.png','test','https://game.classchats.net/party/aSjtF3QIHH','5/16/2024 at 11:03am'),
(1000599,100091,100023,'blueProfileIcon.png','test','https://game.classchats.net/party/aSjtF3QIHH','5/16/2024 at 11:03am'),
(1000600,100091,100023,'blueProfileIcon.png','test','https://game.classchats.net/party/aSjtF3QIHH','5/16/2024 at 11:03am'),
(1000601,100091,100023,'blueProfileIcon.png','test','https://game.classchats.net/party/aSjtF3QIHH','5/16/2024 at 11:03am'),
(1000602,100091,100023,'blueProfileIcon.png','test','https://game.classchats.net/party/aSjtF3QIHHhttps://game.classchats.net/party/aSjtF3QIHHhttps://game.classchats.net/party/aSjtF3QIHHhttps://game.classchats.net/party/aSjtF3QIHH','5/16/2024 at 11:03am'),
(1000603,100091,100023,'blueProfileIcon.png','test','https://game.classchats.net/party/aSjtF3QIHH','5/16/2024 at 11:03am'),
(1000604,100091,100023,'blueProfileIcon.png','test','https://game.classchats.net/party/aSjtF3QIHH','5/16/2024 at 11:03am'),
(1000605,100091,100023,'blueProfileIcon.png','test','https://game.classchats.net/party/aSjtF3QIHH','5/16/2024 at 11:03am'),
(1000606,100091,100023,'blueProfileIcon.png','test','https://game.classchats.net/party/aSjtF3QIHH','5/16/2024 at 11:03am'),
(1000607,100091,100023,'blueProfileIcon.png','test','https://game.classchats.net/party/aSjtF3QIHH','5/16/2024 at 11:03am'),
(1000608,100091,100023,'blueProfileIcon.png','test','https://game.classchats.net/party/aSjtF3QIHH','5/16/2024 at 11:03am'),
(1000609,100091,100023,'blueProfileIcon.png','test','https://game.classchats.net/party/aSjtF3QIHH','5/16/2024 at 11:03am'),
(1000610,100091,100023,'blueProfileIcon.png','test','https://game.classchats.net/party/aSjtF3QIHH','5/16/2024 at 11:03am'),
(1000611,100091,100023,'blueProfileIcon.png','test','https://game.classchats.net/party/aSjtF3QIHH','5/16/2024 at 11:03am'),
(1000612,100091,100023,'blueProfileIcon.png','test','https://game.classchats.net/party/aSjtF3QIHH','5/16/2024 at 11:03am'),
(1000613,100091,100023,'blueProfileIcon.png','test','https://game.classchats.net/party/aSjtF3QIHH','5/16/2024 at 11:03am'),
(1000614,100091,100023,'blueProfileIcon.png','test','https://game.classchats.net/party/aSjtF3QIHH','5/16/2024 at 11:03am'),
(1000615,100091,100023,'blueProfileIcon.png','test','https://game.classchats.net/party/aSjtF3QIHH','5/16/2024 at 11:03am'),
(1000616,100091,100023,'blueProfileIcon.png','test','https://game.classchats.net/party/aSjtF3QIHH','5/16/2024 at 11:03am'),
(1000617,100091,100023,'blueProfileIcon.png','test','https://game.classchats.net/party/aSjtF3QIHH','5/16/2024 at 11:03am'),
(1000618,100091,100023,'blueProfileIcon.png','test','https://game.classchats.net/party/aSjtF3QIHH','5/16/2024 at 11:03am'),
(1000619,100091,100023,'blueProfileIcon.png','test','https://game.classchats.net/party/aSjtF3QIHH','5/16/2024 at 11:03am'),
(1000620,100091,100023,'blueProfileIcon.png','test','https://game.classchats.net/party/aSjtF3QIHH','5/16/2024 at 11:03am'),
(1000621,100091,100023,'blueProfileIcon.png','test','https://game.classchats.net/party/aSjtF3QIHH','5/16/2024 at 11:03am'),
(1000622,100091,100023,'blueProfileIcon.png','test','https://game.classchats.net/party/aSjtF3QIHH','5/16/2024 at 11:03am'),
(1000623,100091,100023,'blueProfileIcon.png','test','https://game.classchats.net/party/aSjtF3QIHH','5/16/2024 at 11:03am'),
(1000624,100091,100023,'blueProfileIcon.png','test','https://game.classchats.net/party/aSjtF3QIHH','5/16/2024 at 11:03am'),
(1000625,100091,100023,'blueProfileIcon.png','test','https://game.classchats.net/party/aSjtF3QIHH','5/16/2024 at 11:04am'),
(1000626,100091,100023,'blueProfileIcon.png','test','https://game.classchats.net/party/aSjtF3QIHH','5/16/2024 at 11:04am'),
(1000627,100091,100023,'blueProfileIcon.png','test','https://game.classchats.net/party/aSjtF3QIHH','5/16/2024 at 11:04am'),
(1000628,100091,100023,'blueProfileIcon.png','test','https://game.classchats.net/party/aSjtF3QIHH','5/16/2024 at 11:04am'),
(1000629,100091,100023,'blueProfileIcon.png','test','https://game.classchats.net/party/aSjtF3QIHH','5/16/2024 at 11:04am'),
(1000630,100091,100023,'blueProfileIcon.png','test','https://game.classchats.net/party/aSjtF3QIHH','5/16/2024 at 11:04am'),
(1000631,100091,100023,'blueProfileIcon.png','test','https://game.classchats.net/party/aSjtF3QIHH','5/16/2024 at 11:04am'),
(1000632,100091,100023,'blueProfileIcon.png','test','https://game.classchats.net/party/aSjtF3QIHH','5/16/2024 at 11:04am'),
(1000633,100091,100023,'blueProfileIcon.png','test','da','5/16/2024 at 11:04am'),
(1000634,100091,100023,'blueProfileIcon.png','test','d','5/16/2024 at 11:04am'),
(1000635,100091,100023,'blueProfileIcon.png','test','v','5/16/2024 at 11:04am'),
(1000636,100091,100023,'blueProfileIcon.png','test','v','5/16/2024 at 11:04am'),
(1000637,100091,100023,'blueProfileIcon.png','test','a','5/16/2024 at 11:04am'),
(1000638,100091,100023,'blueProfileIcon.png','test','d','5/16/2024 at 11:04am'),
(1000639,100091,100023,'blueProfileIcon.png','test','e','5/16/2024 at 11:04am'),
(1000640,100091,100023,'blueProfileIcon.png','test','b','5/16/2024 at 11:04am'),
(1000641,100091,100023,'blueProfileIcon.png','test','b','5/16/2024 at 11:04am'),
(1000642,100091,100023,'blueProfileIcon.png','test','e','5/16/2024 at 11:04am'),
(1000643,100091,100023,'blueProfileIcon.png','test','g','5/16/2024 at 11:04am'),
(1000644,100091,100023,'blueProfileIcon.png','test','g','5/16/2024 at 11:04am'),
(1000645,100091,100023,'blueProfileIcon.png','test','a','5/16/2024 at 11:04am'),
(1000646,100091,100023,'blueProfileIcon.png','test','a','5/16/2024 at 11:04am'),
(1000647,100091,100023,'blueProfileIcon.png','test','b','5/16/2024 at 11:04am'),
(1000648,100091,100023,'blueProfileIcon.png','test','d','5/16/2024 at 11:04am'),
(1000649,100091,100023,'blueProfileIcon.png','test','b','5/16/2024 at 11:04am'),
(1000650,100091,100023,'blueProfileIcon.png','test','a','5/16/2024 at 11:04am'),
(1000651,100091,100023,'blueProfileIcon.png','test','x','5/16/2024 at 11:04am'),
(1000652,100091,100023,'blueProfileIcon.png','test','x','5/16/2024 at 11:04am'),
(1000653,100091,100023,'blueProfileIcon.png','test','c','5/16/2024 at 11:04am'),
(1000654,100091,100023,'blueProfileIcon.png','test','a','5/16/2024 at 11:04am'),
(1000655,100091,100023,'blueProfileIcon.png','test','g\'','5/16/2024 at 11:05am'),
(1000656,100091,100023,'blueProfileIcon.png','test','aq','5/16/2024 at 11:05am'),
(1000657,100091,100023,'blueProfileIcon.png','test','q','5/16/2024 at 11:05am'),
(1000658,100091,100023,'blueProfileIcon.png','test','ab','5/16/2024 at 11:05am'),
(1000659,100091,100023,'blueProfileIcon.png','test','b','5/16/2024 at 11:05am'),
(1000660,100091,100023,'blueProfileIcon.png','test','ab','5/16/2024 at 11:05am'),
(1000661,100091,100023,'blueProfileIcon.png','test','ads','5/16/2024 at 11:05am'),
(1000662,100091,100023,'blueProfileIcon.png','test','d','5/16/2024 at 11:05am'),
(1000663,100091,100023,'blueProfileIcon.png','test','bdb','5/16/2024 at 11:05am'),
(1000664,100091,100023,'blueProfileIcon.png','test','l','5/16/2024 at 11:05am'),
(1000665,100091,100023,'blueProfileIcon.png','test','opl','5/16/2024 at 11:05am'),
(1000666,100091,100023,'blueProfileIcon.png','test','pla','5/16/2024 at 11:05am'),
(1000667,100091,100023,'blueProfileIcon.png','test','ab','5/16/2024 at 11:05am'),
(1000668,100091,100023,'blueProfileIcon.png','test','abd','5/16/2024 at 11:05am'),
(1000669,100091,100023,'blueProfileIcon.png','test','fb','5/16/2024 at 11:05am'),
(1000670,100091,100023,'blueProfileIcon.png','test','fb','5/16/2024 at 11:05am'),
(1000671,100091,100023,'blueProfileIcon.png','test','a','5/16/2024 at 11:05am'),
(1000672,100091,100023,'blueProfileIcon.png','test','ab','5/16/2024 at 11:05am'),
(1000673,100091,100023,'blueProfileIcon.png','test','fr','5/16/2024 at 11:05am'),
(1000674,100091,100023,'blueProfileIcon.png','test','r','5/16/2024 at 11:05am'),
(1000675,100091,100023,'blueProfileIcon.png','test','g','5/16/2024 at 11:05am'),
(1000676,100091,100023,'blueProfileIcon.png','test','r','5/16/2024 at 11:05am'),
(1000677,100091,100023,'blueProfileIcon.png','test','a','5/16/2024 at 11:05am'),
(1000678,100091,100023,'blueProfileIcon.png','test','bgg','5/16/2024 at 11:05am'),
(1000679,100091,100023,'blueProfileIcon.png','test','r','5/16/2024 at 11:05am'),
(1000680,100091,100023,'blueProfileIcon.png','test','d','5/16/2024 at 11:05am'),
(1000681,100091,100023,'blueProfileIcon.png','test','nn','5/16/2024 at 11:05am'),
(1000682,100091,100023,'blueProfileIcon.png','test','n','5/16/2024 at 11:05am'),
(1000683,100091,100023,'blueProfileIcon.png','test','ns','5/16/2024 at 11:05am'),
(1000684,100091,100023,'blueProfileIcon.png','test','ba','5/16/2024 at 11:05am'),
(1000685,100091,100023,'blueProfileIcon.png','test','an','5/16/2024 at 11:05am'),
(1000686,100091,100023,'blueProfileIcon.png','test','fd','5/16/2024 at 11:05am'),
(1000687,100091,100023,'blueProfileIcon.png','test','dg','5/16/2024 at 11:05am'),
(1000688,100091,100023,'blueProfileIcon.png','test','a','5/16/2024 at 11:05am'),
(1000689,100091,100023,'blueProfileIcon.png','test','a','5/16/2024 at 11:05am'),
(1000690,100091,100023,'blueProfileIcon.png','test','ah','5/16/2024 at 11:05am'),
(1000691,100091,100023,'blueProfileIcon.png','test','dgr','5/16/2024 at 11:05am'),
(1000692,100091,100023,'blueProfileIcon.png','test','eg','5/16/2024 at 11:05am'),
(1000693,100091,100023,'blueProfileIcon.png','test','ae','5/16/2024 at 11:05am'),
(1000694,100091,100023,'blueProfileIcon.png','test','ged','5/16/2024 at 11:05am'),
(1000695,100091,100023,'blueProfileIcon.png','test','ge','5/16/2024 at 11:05am'),
(1000696,100091,100023,'blueProfileIcon.png','test','e','5/16/2024 at 11:05am'),
(1000697,100091,100023,'blueProfileIcon.png','test','ge','5/16/2024 at 11:05am'),
(1000698,100091,100023,'blueProfileIcon.png','test','ge','5/16/2024 at 11:05am'),
(1000699,100091,100023,'blueProfileIcon.png','test','g','5/16/2024 at 11:05am'),
(1000700,100091,100023,'blueProfileIcon.png','test','ge','5/16/2024 at 11:06am'),
(1000701,100091,100023,'blueProfileIcon.png','test','\ne','5/16/2024 at 11:06am'),
(1000702,100091,100023,'blueProfileIcon.png','test','e','5/16/2024 at 11:06am'),
(1000703,100091,100023,'blueProfileIcon.png','test','g','5/16/2024 at 11:06am'),
(1000704,100091,100023,'blueProfileIcon.png','test','g','5/16/2024 at 11:06am'),
(1000705,100091,100023,'blueProfileIcon.png','test','gege','5/16/2024 at 11:06am'),
(1000706,100091,100023,'blueProfileIcon.png','test','ge','5/16/2024 at 11:06am'),
(1000707,100091,100023,'blueProfileIcon.png','test','a','5/16/2024 at 11:06am'),
(1000708,100091,100023,'blueProfileIcon.png','test','c','5/16/2024 at 11:06am'),
(1000709,100091,100023,'blueProfileIcon.png','test','ca','5/16/2024 at 11:06am'),
(1000710,100091,100023,'blueProfileIcon.png','test','cabv','5/16/2024 at 11:06am'),
(1000711,100091,100023,'blueProfileIcon.png','test','cab','5/16/2024 at 11:06am'),
(1000712,100091,100023,'blueProfileIcon.png','test','ab','5/16/2024 at 11:06am'),
(1000713,100091,100023,'blueProfileIcon.png','test','ab','5/16/2024 at 11:06am'),
(1000714,100091,100023,'blueProfileIcon.png','test','ba','5/16/2024 at 11:06am'),
(1000715,100091,100023,'blueProfileIcon.png','test','ab','5/16/2024 at 11:06am'),
(1000716,100091,100023,'blueProfileIcon.png','test','\nbaab','5/16/2024 at 11:06am'),
(1000717,100091,100023,'blueProfileIcon.png','test','\naba','5/16/2024 at 11:06am'),
(1000718,100091,100023,'blueProfileIcon.png','test','b','5/16/2024 at 11:06am'),
(1000719,100091,100023,'blueProfileIcon.png','test','ab','5/16/2024 at 11:06am'),
(1000720,100091,100023,'blueProfileIcon.png','test','ab','5/16/2024 at 11:06am'),
(1000721,100091,100023,'blueProfileIcon.png','test','ab','5/16/2024 at 11:06am'),
(1000722,100091,100023,'blueProfileIcon.png','test','ab','5/16/2024 at 11:06am'),
(1000723,100091,100023,'blueProfileIcon.png','test','ab','5/16/2024 at 11:06am'),
(1000724,100091,100023,'blueProfileIcon.png','test','aba','5/16/2024 at 11:06am'),
(1000725,100091,100023,'blueProfileIcon.png','test','ab','5/16/2024 at 11:06am'),
(1000726,100091,100023,'blueProfileIcon.png','test','n','5/16/2024 at 11:06am'),
(1000727,100091,100023,'blueProfileIcon.png','test','nln','5/16/2024 at 11:06am'),
(1000728,100091,100023,'blueProfileIcon.png','test','nlnln','5/16/2024 at 11:06am'),
(1000729,100091,100023,'blueProfileIcon.png','test','\nll','5/16/2024 at 11:06am'),
(1000730,100091,100023,'blueProfileIcon.png','test','\nl','5/16/2024 at 11:06am'),
(1000731,100091,100023,'blueProfileIcon.png','test','l','5/16/2024 at 11:06am'),
(1000732,100091,100023,'blueProfileIcon.png','test','l','5/16/2024 at 11:06am'),
(1000733,100091,100023,'blueProfileIcon.png','test','l','5/16/2024 at 11:06am'),
(1000734,100091,100023,'blueProfileIcon.png','test','l','5/16/2024 at 11:06am'),
(1000735,100091,100023,'blueProfileIcon.png','test','l','5/16/2024 at 11:06am'),
(1000736,100091,100023,'blueProfileIcon.png','test','l','5/16/2024 at 11:06am'),
(1000737,100091,100023,'blueProfileIcon.png','test','l','5/16/2024 at 11:06am'),
(1000738,100091,100023,'blueProfileIcon.png','test','la','5/16/2024 at 11:07am'),
(1000739,100091,100023,'blueProfileIcon.png','test','b','5/16/2024 at 11:07am'),
(1000740,100091,100023,'blueProfileIcon.png','test','b','5/16/2024 at 11:07am'),
(1000741,100091,100023,'blueProfileIcon.png','test','b','5/16/2024 at 11:07am'),
(1000742,100091,100023,'blueProfileIcon.png','test','b','5/16/2024 at 11:07am'),
(1000743,100091,100023,'blueProfileIcon.png','test','bab','5/16/2024 at 11:07am'),
(1000744,100091,100023,'blueProfileIcon.png','test','ab','5/16/2024 at 11:07am'),
(1000745,100091,100023,'blueProfileIcon.png','test','\nabba','5/16/2024 at 11:07am'),
(1000746,100091,100023,'blueProfileIcon.png','test','\nabab','5/16/2024 at 11:07am'),
(1000747,100091,100023,'blueProfileIcon.png','test','ba','5/16/2024 at 11:07am'),
(1000748,100091,100023,'blueProfileIcon.png','test','ab','5/16/2024 at 11:07am'),
(1000749,100091,100023,'blueProfileIcon.png','test','ba','5/16/2024 at 11:07am'),
(1000750,100091,100023,'blueProfileIcon.png','test','ba','5/16/2024 at 11:07am'),
(1000751,100091,100023,'blueProfileIcon.png','test','\nabab','5/16/2024 at 11:07am'),
(1000752,100091,100023,'blueProfileIcon.png','test','ababa','5/16/2024 at 11:07am'),
(1000753,100091,100023,'blueProfileIcon.png','test','a','5/16/2024 at 11:07am'),
(1000754,100091,100023,'blueProfileIcon.png','test','b','5/16/2024 at 11:07am'),
(1000755,100091,100023,'blueProfileIcon.png','test','b','5/16/2024 at 11:07am'),
(1000756,100091,100023,'blueProfileIcon.png','test','a','5/16/2024 at 11:07am'),
(1000757,100091,100023,'blueProfileIcon.png','test','a','5/16/2024 at 11:07am'),
(1000758,100091,100023,'blueProfileIcon.png','test','ba','5/16/2024 at 11:07am'),
(1000759,100091,100023,'blueProfileIcon.png','test','ab','5/16/2024 at 11:07am'),
(1000760,100091,100023,'blueProfileIcon.png','test','ba','5/16/2024 at 11:07am'),
(1000761,100091,100023,'blueProfileIcon.png','test','ba','5/16/2024 at 11:07am'),
(1000762,100091,100023,'blueProfileIcon.png','test','a','5/16/2024 at 11:07am'),
(1000763,100091,100023,'blueProfileIcon.png','test','ab','5/16/2024 at 11:07am'),
(1000764,100091,100023,'blueProfileIcon.png','test','ab','5/16/2024 at 11:07am'),
(1000765,100091,100023,'blueProfileIcon.png','test','ab','5/16/2024 at 11:07am'),
(1000766,100091,100023,'blueProfileIcon.png','test','ab','5/16/2024 at 11:07am'),
(1000767,100091,100023,'blueProfileIcon.png','test','ab','5/16/2024 at 11:07am'),
(1000768,100091,100023,'blueProfileIcon.png','test','ab','5/16/2024 at 11:07am'),
(1000769,100091,100023,'blueProfileIcon.png','test','b','5/16/2024 at 11:07am'),
(1000770,100091,100023,'blueProfileIcon.png','test','b','5/16/2024 at 11:07am'),
(1000771,100091,100023,'blueProfileIcon.png','test','b','5/16/2024 at 11:07am'),
(1000772,100091,100023,'blueProfileIcon.png','test','d','5/16/2024 at 11:07am'),
(1000773,100091,100023,'blueProfileIcon.png','test','b','5/16/2024 at 11:07am'),
(1000774,100091,100023,'blueProfileIcon.png','test','bd','5/16/2024 at 11:07am'),
(1000775,100091,100023,'blueProfileIcon.png','test','db','5/16/2024 at 11:07am'),
(1000776,100091,100023,'blueProfileIcon.png','test','b','5/16/2024 at 11:07am'),
(1000777,100091,100023,'blueProfileIcon.png','test','bd','5/16/2024 at 11:07am'),
(1000778,100091,100023,'blueProfileIcon.png','test','bd','5/16/2024 at 11:07am'),
(1000779,100091,100023,'blueProfileIcon.png','test','db','5/16/2024 at 11:07am'),
(1000780,100091,100023,'blueProfileIcon.png','test','db','5/16/2024 at 11:07am'),
(1000781,100091,100023,'blueProfileIcon.png','test','b','5/16/2024 at 11:07am'),
(1000782,100091,100023,'blueProfileIcon.png','test','bb','5/16/2024 at 11:07am'),
(1000783,100091,100023,'blueProfileIcon.png','test','a','5/16/2024 at 11:07am'),
(1000784,100091,100023,'blueProfileIcon.png','test','ba','5/16/2024 at 11:07am'),
(1000785,100091,100023,'blueProfileIcon.png','test','b','5/16/2024 at 11:07am'),
(1000786,100091,100023,'blueProfileIcon.png','test','ab','5/16/2024 at 11:07am'),
(1000787,100091,100023,'blueProfileIcon.png','test','ab','5/16/2024 at 11:07am'),
(1000788,100091,100023,'blueProfileIcon.png','test','ab','5/16/2024 at 11:07am'),
(1000789,100091,100023,'blueProfileIcon.png','test','a','5/16/2024 at 11:07am'),
(1000790,100091,100023,'blueProfileIcon.png','test','ag','5/16/2024 at 11:07am'),
(1000791,100091,100023,'blueProfileIcon.png','test','ag','5/16/2024 at 11:07am'),
(1000792,100091,100023,'blueProfileIcon.png','test','ag','5/16/2024 at 11:08am'),
(1000793,100091,100023,'blueProfileIcon.png','test','ag','5/16/2024 at 11:08am'),
(1000794,100091,100023,'blueProfileIcon.png','test','ag','5/16/2024 at 11:08am'),
(1000795,100091,100023,'blueProfileIcon.png','test','ag','5/16/2024 at 11:08am'),
(1000796,100091,100023,'blueProfileIcon.png','test','ag','5/16/2024 at 11:08am'),
(1000797,100091,100023,'blueProfileIcon.png','test','ab','5/16/2024 at 11:08am'),
(1000798,100091,100023,'blueProfileIcon.png','test','ab','5/16/2024 at 11:08am'),
(1000799,100091,100023,'blueProfileIcon.png','test','ab','5/16/2024 at 11:08am'),
(1000800,100091,100023,'blueProfileIcon.png','test','b','5/16/2024 at 11:08am'),
(1000801,100091,100023,'blueProfileIcon.png','test','b','5/16/2024 at 11:08am'),
(1000802,100091,100023,'blueProfileIcon.png','test','b','5/16/2024 at 11:08am'),
(1000803,100091,100023,'blueProfileIcon.png','test','e','5/16/2024 at 11:08am'),
(1000804,100091,100023,'blueProfileIcon.png','test','e','5/16/2024 at 11:08am'),
(1000805,100091,100023,'blueProfileIcon.png','test','e','5/16/2024 at 11:08am'),
(1000806,100091,100023,'blueProfileIcon.png','test','e','5/16/2024 at 11:08am'),
(1000807,100091,100023,'blueProfileIcon.png','test','a','5/16/2024 at 11:08am'),
(1000808,100091,100023,'blueProfileIcon.png','test','a','5/16/2024 at 11:08am'),
(1000809,100091,100023,'blueProfileIcon.png','test','v','5/16/2024 at 11:08am'),
(1000810,100091,100023,'blueProfileIcon.png','test','b','5/16/2024 at 11:08am'),
(1000811,100091,100023,'blueProfileIcon.png','test','bab','5/16/2024 at 11:08am'),
(1000812,100017,100000,'blueProfileIcon.png','Nischay Patel','hi','5/19/2024 at 10:55am'),
(1000813,100096,100000,'blueProfileIcon.png','Nischay Patel','hi','5/19/2024 at 10:55am'),
(1000814,100017,100000,'blueProfileIcon.png','Nischay Patel','a ','5/20/2024 at 11:37am'),
(1000815,100017,100000,'blueProfileIcon.png','Nischay Patel','a','5/20/2024 at 11:37am'),
(1000816,100017,100000,'blueProfileIcon.png','Nischay Patel','a','5/20/2024 at 11:37am'),
(1000817,100017,100000,'blueProfileIcon.png','Nischay Patel','a','5/20/2024 at 11:37am'),
(1000818,100017,100000,'blueProfileIcon.png','Nischay Patel','a','5/20/2024 at 11:37am'),
(1000819,100017,100000,'blueProfileIcon.png','Nischay Patel','a','5/20/2024 at 11:37am'),
(1000820,100017,100000,'blueProfileIcon.png','Nischay Patel','a','5/20/2024 at 11:37am'),
(1000821,100017,100000,'blueProfileIcon.png','Nischay Patel','a','5/20/2024 at 11:37am'),
(1000822,100017,100000,'blueProfileIcon.png','Nischay Patel','a','5/20/2024 at 11:37am'),
(1000823,100017,100000,'blueProfileIcon.png','Nischay Patel','a','5/20/2024 at 11:37am'),
(1000824,100017,100000,'blueProfileIcon.png','Nischay Patel','a','5/20/2024 at 11:37am'),
(1000825,100017,100000,'blueProfileIcon.png','Nischay Patel','a','5/20/2024 at 11:37am'),
(1000826,100017,100000,'blueProfileIcon.png','Nischay Patel','a','5/20/2024 at 11:37am'),
(1000827,100017,100000,'blueProfileIcon.png','Nischay Patel','a','5/20/2024 at 11:37am'),
(1000828,100017,100000,'blueProfileIcon.png','Nischay Patel','\na','5/20/2024 at 11:37am'),
(1000829,100017,100000,'blueProfileIcon.png','Nischay Patel','aa aa  aa ','5/20/2024 at 11:37am'),
(1000830,100017,100000,'blueProfileIcon.png','Nischay Patel','a ','5/20/2024 at 11:37am'),
(1000831,100017,100000,'blueProfileIcon.png','Nischay Patel','a ','5/20/2024 at 11:37am'),
(1000832,100017,100000,'blueProfileIcon.png','Nischay Patel','a ','5/20/2024 at 11:37am'),
(1000833,100017,100000,'blueProfileIcon.png','Nischay Patel','a','5/20/2024 at 11:37am'),
(1000834,100017,100000,'blueProfileIcon.png','Nischay Patel','a','5/20/2024 at 11:37am'),
(1000835,100017,100000,'blueProfileIcon.png','Nischay Patel','\naa','5/20/2024 at 11:37am'),
(1000836,100017,100000,'blueProfileIcon.png','Nischay Patel','\naa','5/20/2024 at 11:37am'),
(1000837,100017,100000,'blueProfileIcon.png','Nischay Patel','a','5/20/2024 at 11:37am'),
(1000838,100017,100000,'blueProfileIcon.png','Nischay Patel','a','5/20/2024 at 11:37am'),
(1000839,100017,100000,'blueProfileIcon.png','Nischay Patel','a','5/20/2024 at 11:37am'),
(1000840,100017,100000,'blueProfileIcon.png','Nischay Patel','a','5/20/2024 at 11:37am'),
(1000841,100017,100000,'blueProfileIcon.png','Nischay Patel','a','5/20/2024 at 11:37am'),
(1000842,100017,100000,'blueProfileIcon.png','Nischay Patel','a','5/20/2024 at 11:37am'),
(1000843,100017,100000,'blueProfileIcon.png','Nischay Patel','aa','5/20/2024 at 11:37am'),
(1000844,100017,100000,'blueProfileIcon.png','Nischay Patel','\na','5/20/2024 at 11:37am'),
(1000845,100017,100000,'blueProfileIcon.png','Nischay Patel','a','5/20/2024 at 11:37am'),
(1000846,100017,100000,'blueProfileIcon.png','Nischay Patel','a','5/20/2024 at 11:37am'),
(1000847,100017,100000,'blueProfileIcon.png','Nischay Patel','a','5/20/2024 at 11:37am'),
(1000848,100017,100000,'blueProfileIcon.png','Nischay Patel','a','5/20/2024 at 11:37am'),
(1000849,100017,100000,'blueProfileIcon.png','Nischay Patel','aaaaaaa','5/20/2024 at 11:37am'),
(1000850,100017,100000,'blueProfileIcon.png','Nischay Patel','\na','5/20/2024 at 11:37am'),
(1000851,100017,100000,'blueProfileIcon.png','Nischay Patel','a','5/20/2024 at 11:37am'),
(1000852,100017,100000,'blueProfileIcon.png','Nischay Patel','a','5/20/2024 at 11:37am'),
(1000853,100017,100000,'blueProfileIcon.png','Nischay Patel','a','5/20/2024 at 11:37am'),
(1000854,100017,100000,'blueProfileIcon.png','Nischay Patel','a','5/20/2024 at 11:37am'),
(1000855,100017,100000,'blueProfileIcon.png','Nischay Patel','a','5/20/2024 at 11:37am'),
(1000856,100017,100000,'blueProfileIcon.png','Nischay Patel','\na','5/20/2024 at 11:37am'),
(1000857,100017,100000,'blueProfileIcon.png','Nischay Patel','\naa','5/20/2024 at 11:37am'),
(1000858,100017,100000,'blueProfileIcon.png','Nischay Patel','\na','5/20/2024 at 11:37am'),
(1000859,100017,100000,'blueProfileIcon.png','Nischay Patel','a','5/20/2024 at 11:37am'),
(1000860,100017,100000,'blueProfileIcon.png','Nischay Patel','a','5/20/2024 at 11:37am'),
(1000861,100017,100000,'blueProfileIcon.png','Nischay Patel','aa','5/20/2024 at 11:37am'),
(1000862,100017,100000,'blueProfileIcon.png','Nischay Patel','\na','5/20/2024 at 11:37am'),
(1000863,100017,100000,'blueProfileIcon.png','Nischay Patel','a','5/20/2024 at 11:37am'),
(1000864,100017,100000,'blueProfileIcon.png','Nischay Patel','aa','5/20/2024 at 11:38am'),
(1000865,100017,100000,'blueProfileIcon.png','Nischay Patel','a','5/20/2024 at 11:38am'),
(1000866,100017,100000,'blueProfileIcon.png','Nischay Patel','a','5/20/2024 at 11:38am'),
(1000867,100017,100000,'blueProfileIcon.png','Nischay Patel','a','5/20/2024 at 11:38am'),
(1000868,100017,100000,'blueProfileIcon.png','Nischay Patel','a','5/20/2024 at 11:38am'),
(1000869,100017,100000,'blueProfileIcon.png','Nischay Patel','a','5/20/2024 at 11:38am'),
(1000870,100017,100000,'blueProfileIcon.png','Nischay Patel','a','5/20/2024 at 11:38am'),
(1000871,100017,100000,'blueProfileIcon.png','Nischay Patel','a','5/20/2024 at 11:38am'),
(1000872,100017,100000,'blueProfileIcon.png','Nischay Patel','a','5/20/2024 at 11:38am'),
(1000873,100017,100000,'blueProfileIcon.png','Nischay Patel','a','5/20/2024 at 11:38am'),
(1000874,100017,100000,'blueProfileIcon.png','Nischay Patel','a','5/20/2024 at 11:38am'),
(1000875,100017,100000,'blueProfileIcon.png','Nischay Patel','aa','5/20/2024 at 11:38am'),
(1000876,100017,100000,'blueProfileIcon.png','Nischay Patel','a','5/20/2024 at 11:38am'),
(1000877,100017,100000,'blueProfileIcon.png','Nischay Patel','a\na','5/20/2024 at 11:38am'),
(1000878,100017,100000,'blueProfileIcon.png','Nischay Patel','a','5/20/2024 at 11:38am'),
(1000879,100091,100023,'blueProfileIcon.png','test','a','5/20/2024 at 11:39am'),
(1000880,100091,100023,'blueProfileIcon.png','test','\na','5/20/2024 at 11:39am'),
(1000881,100091,100023,'blueProfileIcon.png','test','a','5/20/2024 at 11:39am'),
(1000882,100091,100023,'blueProfileIcon.png','test','a','5/20/2024 at 11:39am'),
(1000883,100091,100023,'blueProfileIcon.png','test','a','5/20/2024 at 11:39am'),
(1000884,100091,100023,'blueProfileIcon.png','test','a','5/20/2024 at 11:39am'),
(1000885,100091,100023,'blueProfileIcon.png','test','a','5/20/2024 at 11:39am'),
(1000886,100091,100023,'blueProfileIcon.png','test','a','5/20/2024 at 11:39am'),
(1000887,100091,100023,'blueProfileIcon.png','test','a','5/20/2024 at 11:39am'),
(1000888,100091,100023,'blueProfileIcon.png','test','a','5/20/2024 at 11:39am'),
(1000889,100091,100023,'blueProfileIcon.png','test','a','5/20/2024 at 11:39am'),
(1000890,100091,100023,'blueProfileIcon.png','test','a','5/20/2024 at 11:39am'),
(1000891,100091,100023,'blueProfileIcon.png','test','a','5/20/2024 at 11:39am'),
(1000892,100091,100023,'blueProfileIcon.png','test','ab','5/20/2024 at 11:39am'),
(1000893,100091,100023,'blueProfileIcon.png','test','a','5/20/2024 at 11:39am'),
(1000894,100091,100023,'blueProfileIcon.png','test','a','5/20/2024 at 11:39am'),
(1000895,100091,100023,'blueProfileIcon.png','test','b','5/20/2024 at 11:39am'),
(1000896,100091,100023,'blueProfileIcon.png','test','d','5/20/2024 at 11:39am'),
(1000897,100091,100023,'blueProfileIcon.png','test','d','5/20/2024 at 11:39am'),
(1000898,100091,100023,'blueProfileIcon.png','test','d','5/20/2024 at 11:39am'),
(1000899,100091,100023,'blueProfileIcon.png','test','d','5/20/2024 at 11:39am'),
(1000900,100091,100023,'blueProfileIcon.png','test','d','5/20/2024 at 11:39am'),
(1000901,100091,100023,'blueProfileIcon.png','test','d','5/20/2024 at 11:39am'),
(1000902,100091,100023,'blueProfileIcon.png','test','d','5/20/2024 at 11:39am'),
(1000903,100091,100023,'blueProfileIcon.png','test','d','5/20/2024 at 11:39am'),
(1000904,100091,100023,'blueProfileIcon.png','test','d','5/20/2024 at 11:39am'),
(1000905,100091,100023,'blueProfileIcon.png','test','d','5/20/2024 at 11:39am'),
(1000906,100091,100023,'blueProfileIcon.png','test','d','5/20/2024 at 11:39am'),
(1000907,100091,100023,'blueProfileIcon.png','test','d','5/20/2024 at 11:39am'),
(1000908,100091,100023,'blueProfileIcon.png','test','d','5/20/2024 at 11:39am'),
(1000909,100091,100023,'blueProfileIcon.png','test','d','5/20/2024 at 11:39am'),
(1000910,100091,100023,'blueProfileIcon.png','test','d','5/20/2024 at 11:39am'),
(1000911,100091,100023,'blueProfileIcon.png','test','d','5/20/2024 at 11:39am'),
(1000912,100091,100023,'blueProfileIcon.png','test','d','5/20/2024 at 11:39am'),
(1000913,100091,100023,'blueProfileIcon.png','test','d','5/20/2024 at 11:39am'),
(1000914,100091,100023,'blueProfileIcon.png','test','d','5/20/2024 at 11:39am'),
(1000915,100091,100023,'blueProfileIcon.png','test','d','5/20/2024 at 11:39am'),
(1000916,100091,100023,'blueProfileIcon.png','test','d','5/20/2024 at 11:39am'),
(1000917,100091,100023,'blueProfileIcon.png','test','d','5/20/2024 at 11:39am'),
(1000918,100091,100023,'blueProfileIcon.png','test','d','5/20/2024 at 11:39am'),
(1000919,100091,100023,'blueProfileIcon.png','test','d','5/20/2024 at 11:39am'),
(1000920,100091,100023,'blueProfileIcon.png','test','d','5/20/2024 at 11:39am'),
(1000921,100091,100023,'blueProfileIcon.png','test','d','5/20/2024 at 11:39am'),
(1000922,100091,100023,'blueProfileIcon.png','test','d','5/20/2024 at 11:39am'),
(1000923,100091,100023,'blueProfileIcon.png','test','d','5/20/2024 at 11:39am'),
(1000924,100091,100023,'blueProfileIcon.png','test','d','5/20/2024 at 11:39am'),
(1000925,100091,100023,'blueProfileIcon.png','test','d','5/20/2024 at 11:39am'),
(1000926,100091,100023,'blueProfileIcon.png','test','d','5/20/2024 at 11:39am'),
(1000927,100091,100023,'blueProfileIcon.png','test','d','5/20/2024 at 11:39am'),
(1000928,100091,100023,'blueProfileIcon.png','test','d','5/20/2024 at 11:39am'),
(1000929,100091,100023,'blueProfileIcon.png','test','d','5/20/2024 at 11:39am'),
(1000930,100091,100023,'blueProfileIcon.png','test','d','5/20/2024 at 11:39am'),
(1000931,100091,100023,'blueProfileIcon.png','test','d','5/20/2024 at 11:39am'),
(1000932,100091,100023,'blueProfileIcon.png','test','d','5/20/2024 at 11:39am'),
(1000933,100091,100023,'blueProfileIcon.png','test','d','5/20/2024 at 11:39am'),
(1000934,100091,100023,'blueProfileIcon.png','test','d','5/20/2024 at 11:40am'),
(1000935,100091,100023,'blueProfileIcon.png','test','d','5/20/2024 at 11:40am'),
(1000936,100091,100023,'blueProfileIcon.png','test','d','5/20/2024 at 11:40am'),
(1000937,100091,100023,'blueProfileIcon.png','test','d','5/20/2024 at 11:40am'),
(1000938,100091,100023,'blueProfileIcon.png','test','d','5/20/2024 at 11:40am'),
(1000939,100091,100023,'blueProfileIcon.png','test','d','5/20/2024 at 11:40am'),
(1000940,100091,100023,'blueProfileIcon.png','test','d','5/20/2024 at 11:40am'),
(1000941,100091,100023,'blueProfileIcon.png','test','d','5/20/2024 at 11:40am'),
(1000942,100091,100023,'blueProfileIcon.png','test','d','5/20/2024 at 11:40am'),
(1000943,100097,100023,'blueProfileIcon.png','test','urpose','5/20/2024 at 11:40am'),
(1000944,100097,100023,'blueProfileIcon.png','test','of','5/20/2024 at 11:40am'),
(1000945,100097,100023,'blueProfileIcon.png','test','testing','5/20/2024 at 11:41am'),
(1000946,100097,100023,'blueProfileIcon.png','test','ys','5/20/2024 at 11:41am'),
(1000947,100097,100023,'blueProfileIcon.png','test','please','5/20/2024 at 11:41am'),
(1000948,100097,100023,'blueProfileIcon.png','test','tna ks','5/20/2024 at 11:41am'),
(1000949,100097,100023,'blueProfileIcon.png','test','tp','5/20/2024 at 11:41am'),
(1000950,100017,100000,'blueProfileIcon.png','Nischay Patel','lol','7/11/2024 at 2:17pm'),
(1000951,100017,100000,'blueProfileIcon.png','Nischay Patel','loading still','7/11/2024 at 2:17pm'),
(1000952,100017,100000,'blueProfileIcon.png','Nischay Patel','no one has been on teh site for a while so its probably slow and waking ','7/11/2024 at 2:17pm'),
(1000953,100017,100000,'blueProfileIcon.png','Nischay Patel','hio','7/23/2024 at 8:13pm'),
(1000954,100098,100000,'blueProfileIcon.png','Nischay Patel','its pritesh','7/23/2024 at 8:13pm'),
(1000955,100098,100000,'blueProfileIcon.png','Nischay Patel','manish','7/23/2024 at 8:13pm'),
(1000956,100098,100000,'blueProfileIcon.png','Nischay Patel','patel','7/23/2024 at 8:13pm'),
(1000957,100017,100000,'blueProfileIcon.png','Nischay Patel','s','8/8/2024 at 5:47pm'),
(1000958,100017,100000,'blueProfileIcon.png','Nischay Patel','s','8/8/2024 at 5:47pm'),
(1000959,100017,100000,'blueProfileIcon.png','Nischay Patel','d','8/8/2024 at 5:47pm'),
(1000960,100017,100000,'blueProfileIcon.png','Nischay Patel','b','8/8/2024 at 5:47pm'),
(1000961,100017,100000,'blueProfileIcon.png','Nischay Patel','idk','8/8/2024 at 5:47pm'),
(1000962,100017,100000,'blueProfileIcon.png','Nischay Patel','wha','8/8/2024 at 5:47pm'),
(1000963,100017,100000,'blueProfileIcon.png','Nischay Patel','this','8/8/2024 at 5:47pm'),
(1000964,100017,100000,'blueProfileIcon.png','Nischay Patel','is','8/8/2024 at 5:47pm'),
(1000965,100017,100000,'blueProfileIcon.png','Nischay Patel','cool','8/8/2024 at 5:47pm'),
(1000966,100017,100000,'blueProfileIcon.png','Nischay Patel','that','8/8/2024 at 5:47pm'),
(1000967,100017,100000,'blueProfileIcon.png','Nischay Patel','its this','8/8/2024 at 5:47pm'),
(1000968,100017,100000,'blueProfileIcon.png','Nischay Patel','fast','8/8/2024 at 5:47pm'),
(1000969,100017,100000,'blueProfileIcon.png','Nischay Patel','the wb','8/8/2024 at 5:47pm'),
(1000970,100101,100000,'blueProfileIcon.png','Nischay Patel','sadf','8/8/2024 at 5:48pm'),
(1000971,100101,100000,'blueProfileIcon.png','Nischay Patel','saf','8/8/2024 at 5:48pm'),
(1000972,100101,100000,'blueProfileIcon.png','Nischay Patel','sf','8/8/2024 at 5:48pm'),
(1000973,100101,100000,'blueProfileIcon.png','Nischay Patel','sadf','8/8/2024 at 5:48pm'),
(1000974,100101,100000,'blueProfileIcon.png','Nischay Patel','asdf','8/8/2024 at 5:48pm'),
(1000975,100101,100000,'blueProfileIcon.png','Nischay Patel','adsf','8/8/2024 at 5:48pm'),
(1000976,100101,100000,'blueProfileIcon.png','Nischay Patel','\nasdfasf','8/8/2024 at 5:48pm'),
(1000977,100101,100000,'blueProfileIcon.png','Nischay Patel','dd','8/8/2024 at 5:48pm'),
(1000978,100101,100000,'blueProfileIcon.png','Nischay Patel','s','8/8/2024 at 5:48pm'),
(1000979,100101,100000,'blueProfileIcon.png','Nischay Patel','dasfa','8/8/2024 at 5:48pm'),
(1000980,100101,100000,'blueProfileIcon.png','Nischay Patel','af','8/8/2024 at 5:48pm'),
(1000981,100101,100000,'blueProfileIcon.png','Nischay Patel','adsf','8/8/2024 at 5:48pm'),
(1000982,100101,100000,'blueProfileIcon.png','Nischay Patel','ad','8/8/2024 at 5:48pm'),
(1000983,100101,100000,'blueProfileIcon.png','Nischay Patel','adsf','8/8/2024 at 5:48pm'),
(1000984,100101,100000,'blueProfileIcon.png','Nischay Patel','adf','8/8/2024 at 5:48pm'),
(1000985,100017,100000,'blueProfileIcon.png','Nischay Patel','sad','9/4/2024 at 4:37pm'),
(1000986,100027,100000,'blueProfileIcon.png','Nischay Patel','Sss','9/5/2024 at 10:21am'),
(1000987,100017,100000,'blueProfileIcon.png','Nischay Patel','what pup','9/13/2024 at 11:38pm'),
(1000988,100017,100000,'blueProfileIcon.png','Nischay Patel','g','9/13/2024 at 11:38pm'),
(1000989,100017,100000,'blueProfileIcon.png','Nischay Patel','sa','9/13/2024 at 11:38pm'),
(1000990,100017,100000,'blueProfileIcon.png','Nischay Patel','saldjfsadf','9/13/2024 at 11:39pm'),
(1000991,100017,100000,'blueProfileIcon.png','Nischay Patel','as','9/13/2024 at 11:39pm'),
(1000992,100017,100000,'blueProfileIcon.png','Nischay Patel','\na','9/13/2024 at 11:39pm'),
(1000993,100017,100000,'blueProfileIcon.png','Nischay Patel','as','9/13/2024 at 11:39pm'),
(1000994,100017,100000,'blueProfileIcon.png','Nischay Patel','sup','9/13/2024 at 11:39pm'),
(1000995,100017,100000,'blueProfileIcon.png','Nischay Patel','g','9/13/2024 at 11:39pm'),
(1000996,100102,100000,'blueProfileIcon.png','Nischay Patel','ok guys','9/13/2024 at 11:39pm'),
(1000997,100017,100000,'blueProfileIcon.png','Nischay Patel','amazin \ncss \nlol','9/20/2024 at 11:32am'),
(1000998,100017,100000,'blueProfileIcon.png','Nischay Patel','ists so good','9/20/2024 at 11:32am'),
(1000999,100017,100000,'blueProfileIcon.png','Nischay Patel','OMG','9/20/2024 at 11:32am'),
(1001000,100017,100000,'blueProfileIcon.png','Nischay Patel','ads','9/20/2024 at 11:32am'),
(1001001,100104,100000,'blueProfileIcon.png','Nischay Patel','oi','9/25/2024 at 4:14pm'),
(1001002,100105,100033,'yellowProfileIcon.png','rishipatel','hello Rishi, im so glad to see2you','10/24/2024 at 7:36pm'),
(1001003,100107,100033,'yellowProfileIcon.png','rishipatel','hello','10/24/2024 at 7:44pm'),
(1001004,100108,100000,'blueProfileIcon.png','Nischay Patel','Hello!','10/24/2024 at 7:57pm'),
(1001005,100017,100000,'blueProfileIcon.png','Nischay Patel','ill be stocked','10/24/2024 at 8:46pm'),
(1001006,100017,100000,'blueProfileIcon.png','Nischay Patel','if we wiin','10/24/2024 at 8:46pm'),
(1001007,100109,100000,'blueProfileIcon.png','Nischay Patel','Yy','11/13/2024 at 10:18am'),
(1001008,100017,100000,'blueProfileIcon.png','Nischay Patel','hi','1/2/2025 at 12:33pm'),
(1001009,100017,100000,'blueProfileIcon.png','Nischay Patel','ji','8/7/2025 at 5:04pm'),
(1001010,100017,100000,'blueProfileIcon.png','Nischay Patel','ko','8/7/2025 at 5:04pm'),
(1001011,100111,100000,'blueProfileIcon.png','Nischay Patel','4ft','8/7/2025 at 10:16pm'),
(1001012,100017,100000,'blueProfileIcon.png','Nischay Patel','9k','8/21/2025 at 2:24pm'),
(1001013,100017,100000,'blueProfileIcon.png','Nischay Patel','hi','8/21/2025 at 2:25pm'),
(1001014,100017,100023,'blueProfileIcon.png','test','hi','8/21/2025 at 2:25pm'),
(1001015,100017,100000,'blueProfileIcon.png','Nischay Patel','hi','8/21/2025 at 2:25pm'),
(1001016,100017,100000,'blueProfileIcon.png','Nischay Patel','hi','8/21/2025 at 2:25pm');
/*!40000 ALTER TABLE `messages` ENABLE KEYS */;
UNLOCK TABLES;

--
-- Table structure for table `userchats`
--

DROP TABLE IF EXISTS `userchats`;
/*!40101 SET @saved_cs_client     = @@character_set_client */;
/*!40101 SET character_set_client = utf8mb4 */;
CREATE TABLE `userchats` (
  `UserID` int(11) NOT NULL,
  `ChatID` int(11) NOT NULL,
  PRIMARY KEY (`UserID`,`ChatID`),
  KEY `ChatID` (`ChatID`),
  CONSTRAINT `userchats_ibfk_1` FOREIGN KEY (`UserID`) REFERENCES `users` (`UserID`),
  CONSTRAINT `userchats_ibfk_2` FOREIGN KEY (`ChatID`) REFERENCES `chats` (`ChatID`)
) ENGINE=InnoDB DEFAULT CHARSET=utf8mb4 COLLATE=utf8mb4_general_ci;
/*!40101 SET character_set_client = @saved_cs_client */;

--
-- Dumping data for table `userchats`
--

LOCK TABLES `userchats` WRITE;
/*!40000 ALTER TABLE `userchats` DISABLE KEYS */;
INSERT INTO `userchats` VALUES
(100000,100017),
(100000,100108),
(100000,100109),
(100000,100110),
(100000,100111),
(100023,100017),
(100023,100108),
(100033,100105),
(100033,100106),
(100033,100107);
/*!40000 ALTER TABLE `userchats` ENABLE KEYS */;
UNLOCK TABLES;

--
-- Table structure for table `users`
--

DROP TABLE IF EXISTS `users`;
/*!40101 SET @saved_cs_client     = @@character_set_client */;
/*!40101 SET character_set_client = utf8mb4 */;
CREATE TABLE `users` (
  `UserID` int(11) NOT NULL AUTO_INCREMENT,
  `Email` varchar(255) NOT NULL,
  `Username` varchar(20) DEFAULT NULL,
  `Password` varchar(255) NOT NULL,
  `ProfileIcon` varchar(255) DEFAULT NULL,
  `Settings` longtext CHARACTER SET utf8mb4 COLLATE utf8mb4_bin DEFAULT NULL CHECK (json_valid(`Settings`)),
  `DateJoined` timestamp NULL DEFAULT current_timestamp(),
  `MCAccess` varchar(255) DEFAULT NULL,
  PRIMARY KEY (`UserID`),
  UNIQUE KEY `Email` (`Email`)
) ENGINE=InnoDB AUTO_INCREMENT=100034 DEFAULT CHARSET=utf8mb4 COLLATE=utf8mb4_general_ci;
/*!40101 SET character_set_client = @saved_cs_client */;

--
-- Dumping data for table `users`
--

LOCK TABLES `users` WRITE;
/*!40000 ALTER TABLE `users` DISABLE KEYS */;
INSERT INTO `users` VALUES
(100000,'nischayp510@gmail.com','Nischay Patel','$2b$10$nk00BDkbXCDDmM604HXbfuTNMfkg5q6bHEajC0/HTsKpy/JDQMKBm','blueProfileIcon.png',NULL,'2023-11-21 02:37:53','OXDPbllFZB7tRT20g9RaDRltZG307E'),
(100001,'priteshp108@gmail.com','spacesurfer','$2b$10$1jM2YFMkhWI8AATqb28X7OjSc.XGuY5P7W4vMUgQm9PMn9lvN4xve','blueProfileIcon.png',NULL,'2023-11-21 02:46:11',NULL),
(100002,'nischaydas510@gmail.com','Spirit','$2b$10$JWrOtxYOo9TBXS/0rJmTO.mdp7igb.sDGGOf3o2B7LvBNyYEtXcUq','blueProfileIcon.png',NULL,'2023-11-21 21:45:41',NULL),
(100004,'nischaydas510@gmail.coma','Spirit','$2b$10$gIYADsUS1W7eG6tBZ/w06uUy7M8/cOCtnwE/aSkxeCry4jyA6H/jO','blueProfileIcon.png',NULL,'2023-11-21 21:46:08',NULL),
(100007,'nischayp510@gmail.coma','a','$2b$10$vg76CFTgXGBN0tD0rjg8y.QJ8btR.ujq5L4Cf1gEDk9MLToineVIC','blueProfileIcon.png',NULL,'2023-11-21 21:51:17',NULL),
(100009,'nischayp510@gmail.comaa','Spirit','$2b$10$ld2wiGa.RVtrAJUc61shOOteAXs08oWYJ7IcFfXgYuVTfEAZlNV6e','blueProfileIcon.png',NULL,'2023-11-21 21:58:42',NULL),
(100010,'nischayp510@gmail.comaaa','Spirit','$2b$10$JWQZcMhgBk.OoRuCCr2p0.a5OmJXtukvqsaarfi2u10F.FguLf00W','blueProfileIcon.png',NULL,'2023-11-21 22:00:18',NULL),
(100011,'nischayp510@gmail.comaaaa','Spirit','$2b$10$OuH9AgX.TJXYphgPx4YsyekDRnmTHvbLWy3OGKeGecAh5UwGoNLy2','blueProfileIcon.png',NULL,'2023-11-21 22:02:20',NULL),
(100012,'nischayp510@gmail.comaaaaa','Spirit','$2b$10$Zw/RP6VsrzyuLM1zJLuupObjHSp6hLQCWavxwFH7ASL0Bo9vuoYB6','blueProfileIcon.png',NULL,'2023-11-21 22:03:22',NULL),
(100013,'nischayp510@gmail.comb','b','$2b$10$M0mcspSyBfUQgHVHrDB4t.jcYpv1ghujHTdnLmUdAM9i3d184lcWC','blueProfileIcon.png',NULL,'2023-11-21 22:07:33',NULL),
(100014,'nischaydas510@gmail.comab','b','$2b$10$gBEu8eyZy257eXbPrNjrvepqMSX/vD73va8lXYHWHRLAvpbcTjDKW','blueProfileIcon.png',NULL,'2023-11-21 22:10:23',NULL),
(100015,'nischaydas510@gmail.comae','e','$2b$10$70x4ETRble.1hZn98f73UeASk0OenWrMsrW9Gf8xzz2lcY.1CMNg.','blueProfileIcon.png',NULL,'2023-11-21 22:11:54',NULL),
(100016,'publicaccount@gmail.com','Anonymous','$2b$10$6/CqAHGIMr7RlFQ61f62A.v.wrgEijGmBnj.Mqt3Ne7ktpsHJgC02','blueProfileIcon.png',NULL,'2023-12-01 13:20:38',NULL),
(100017,'amrutsevak@gmail.com','amrutsevak@gmail.com','$2b$10$p5yL6pPKg9.IHFN9W/SRRup6ipiEF3OcfpmTfH1UEjr7cNMatnDNS','blueProfileIcon.png',NULL,'2023-12-01 21:38:33',NULL),
(100018,'shanechai6@gmail.com','shane','$2b$10$yIl31UNCN7p/Kvm4Td7pDu/uukIEun9Pvtnfa.jNMripnAvTY9JKS','blueProfileIcon.png',NULL,'2023-12-05 16:07:58',NULL),
(100019,'nochats@gmail.com','No Chats','$2b$10$v0lijmkHUFnMyBnBu0GTEu734xxkcSpeyWy65FNmSyTDcRGxECjkC','blueProfileIcon.png',NULL,'2023-12-05 21:50:09',NULL),
(100020,'nischaydas510@gmail.comt','t','$2b$10$HB3x22SlicrVaPSdoM3veOsPD7LX9GSxQ2ZqDZV4CSEp.LvL8HltC','blueProfileIcon.png',NULL,'2023-12-05 21:52:29',NULL),
(100021,'whatsup@gmail.com','a a','$2b$10$aDn/Ultm8X2Kh7VXUHj3B.OOyQ8jAAxqVrbLAgjfzzOD5D.Cw5f6y','blueProfileIcon.png',NULL,'2023-12-05 21:53:10',NULL),
(100022,'computer.georgemanole@gmail.com','Sheep','$2b$10$JA2b.IDQks/h5q19K.DeF.PplQhyK7gR43O2ohXJNtwDx/lPiiyi2','blueProfileIcon.png',NULL,'2023-12-11 15:11:48',NULL),
(100023,'test@gmail.com','test','$2b$10$3nnN9U2QhULW3MaBqxfe0.Ij64LBt72RwTAK9Ubeax3.axTHZP3mS','blueProfileIcon.png',NULL,'2023-12-16 00:58:15',NULL),
(100024,'nischayp510@gmail.com1','1','$2b$10$LU0Y8mmA3rrga1oxla0k0ew/W5hy4LqmJZowS6onI2jltcitiAQc2','blueProfileIcon.png',NULL,'2023-12-16 01:06:44',NULL),
(100025,'nischayp510@gmail.com2','2','$2b$10$ndKmlWwp8y7asp58yinXs.4aIPFpSvaOr6ZoLJvW6kNicN6phSq0S','blueProfileIcon.png',NULL,'2023-12-16 01:07:20',NULL),
(100026,'arthshah@outlook.com','NotPikachu','$2b$10$OjDUPZoZY3mzsEipHvWt0.oz56UK0dVZ3HCSu90Bq/NGtV1iDFKWu','blueProfileIcon.png',NULL,'2024-01-23 16:05:59',NULL),
(100027,'nischayp510@gmail.comae','b','$2b$10$8pHuBSojL5tp9kIp6Ou3oeJeaAhAMbrHj/cEBbmZ8HyqqEVl1YKYy','purpleProfileIcon.png',NULL,'2024-02-15 21:29:32',NULL),
(100028,'nischaydas510@gmail.combb','b','$2b$10$aRBhfRbKAt8gl5.Q/aL1L.O5a310OXFo4ZMuBcY5UxrNMXcPtZQ8q','purpleProfileIcon.png',NULL,'2024-02-15 21:30:23',NULL),
(100029,'test@gmail.com2','2','$2b$10$ubfBA0JTel4tyTU3obbOMuhBcUuVW46jZZAUnQ6E7y1tFM6HW.7x2','greenProfileIcon.png',NULL,'2024-02-15 21:31:04',NULL),
(100030,'koyoh53863@agafx.com','w','$2b$10$Wp1djKo.BA45n5G.AX4GkOqkwyTIuPOlmkNYNbvkgZpMheWtr3jjm','blueProfileIcon.png',NULL,'2024-05-06 14:58:12',NULL),
(100031,'gatinom314@goulink.com','nischayp510@gmail.co','$2b$10$ZkNzIz548kVpiG6Z4i63JO9BzxXw8.S9eoh3BGbIci9DsWWIiB1.C','blueProfileIcon.png',NULL,'2024-05-07 00:45:33',NULL),
(100032,'momeji1936@ahieh.com','orange','$2b$10$t2gxZMtinP/UZ2Z85VPU5uQ/vWkr2..pji0oqy7jEAtaYEKyaDPEm','redProfileIcon.png',NULL,'2024-05-10 14:51:19',NULL),
(100033,'rishipatel1837@gmail.com','rishipatel','$2b$10$uJzRwsv4vVu9iHIbdv7snObKgFSDnU.kcEX2lotRu5wXz/8CGJQgu','yellowProfileIcon.png',NULL,'2024-10-24 23:21:45',NULL);
/*!40000 ALTER TABLE `users` ENABLE KEYS */;
UNLOCK TABLES;
/*!40103 SET TIME_ZONE=@OLD_TIME_ZONE */;

/*!40101 SET SQL_MODE=@OLD_SQL_MODE */;
/*!40014 SET FOREIGN_KEY_CHECKS=@OLD_FOREIGN_KEY_CHECKS */;
/*!40014 SET UNIQUE_CHECKS=@OLD_UNIQUE_CHECKS */;
/*!40101 SET CHARACTER_SET_CLIENT=@OLD_CHARACTER_SET_CLIENT */;
/*!40101 SET CHARACTER_SET_RESULTS=@OLD_CHARACTER_SET_RESULTS */;
/*!40101 SET COLLATION_CONNECTION=@OLD_COLLATION_CONNECTION */;
/*!40111 SET SQL_NOTES=@OLD_SQL_NOTES */;

-- Dump completed on 2025-08-21 14:29:26
